Inventory,Qty,Amount,% of Sales,Avg Price,COGS,Avg COGS,Gross Margin,Gross Margin %
"DPBOX (DISPLAY BOX, WHITE (PC/50PCS))",0.00,0.00,0.0%,0.00,0.00,0.00,0.00,0.0%
IN5011 (MESH WIG CAP (DOME STYLE) : BK (PC/288PCS)),288.00,122.40,0.0%,0.43,122.40,0.43,0.00,0.0%
"IN5011-3 (MESH WIG CAP (DOME STYLE) : BK, 3PCS(PK/96PK))",384.00,489.60,0.0%,1.28,489.60,1.28,0.00,0.0%
IN5017 (SPANDEX DOME CAP : BLACK (PC/288PCS)),0.00,0.00,0.0%,0.00,0.00,0.00,0.00,0.0%
"IN5017-3 (SPANDEX DOME CAP : BLACK, 3PCS (PK/96PK))",0.00,0.00,0.0%,0.00,0.00,0.00,0.00,0.0%
"IN5021-3 (MESH WIG CAP, XL (DOME STYLE) : BK, 3PCS (PK/96PK))",96.00,127.20,0.0%,1.33,127.20,1.33,0.00,0.0%
K001 (DU-RAG : BLACK (DZ/48 DZ)),"1,051.00","4,744.50",0.0%,4.51,"2,768.29",2.63,"1,976.21",41.65%
K002 (DU-RAG : WHITE (DZ/48 DZ)),99.00,447.00,0.0%,4.52,258.64,2.61,188.36,42.14%
K003 (DU-RAG : RED (DZ/48 DZ)),72.00,327.00,0.0%,4.54,183.26,2.55,143.74,43.96%
K004 (DU-RAG : BLUE (DZ/48 DZ)),17.00,79.50,0.0%,4.68,41.66,2.45,37.84,47.6%
K005 (DU-RAG : ROYAL BLUE (DZ/48 DZ)),10.00,46.50,0.0%,4.65,24.00,2.40,22.50,48.39%
K006 (DU-RAG : SKY BLUE (DZ/48 DZ)),8.00,37.50,0.0%,4.69,19.86,2.48,17.64,47.04%
K007 (DU-RAG : LIGHT GRAY (DZ/48 DZ)),5.00,22.50,0.0%,4.50,13.07,2.61,9.43,41.91%
K008 (DU-RAG : BROWN (DZ/48 DZ)),19.00,85.50,0.0%,4.50,48.34,2.54,37.16,43.46%
K009 (DU-RAG : KHAKI (DZ/48 DZ)),9.00,40.50,0.0%,4.50,23.73,2.64,16.77,41.41%
K010 (DU-RAG : YELLOW (DZ/48 DZ)),5.00,22.50,0.0%,4.50,12.00,2.40,10.50,46.67%
K011 (DU-RAG : ORANGE (DZ/48 DZ)),5.00,22.50,0.0%,4.50,12.00,2.40,10.50,46.67%
K012 (DU-RAG : GREEN (DZ/48 DZ)),0.00,0.00,0.0%,0.00,0.00,0.00,0.00,0.0%
K013 (DU-RAG : PINK (DZ/48 DZ)),0.00,0.00,0.0%,0.00,0.00,0.00,0.00,0.0%
K014 (DU-RAG (TWO TONE) : ASSORTED (DZ/48 DZ)),0.00,0.00,0.0%,0.00,0.00,0.00,0.00,0.0%
K016 (DU-RAG (CENTER) : ASSORTED (DZ/48 DZ)),0.00,0.00,0.0%,0.00,0.00,0.00,0.00,0.0%
K018 (DU-RAG : ASSORTED (DZ/48 DZ)),148.00,672.00,0.0%,4.54,372.94,2.52,299.06,44.5%
K021 (ARMY DU-RAG (DZ/48 DZ)),0.00,0.00,0.0%,0.00,0.00,0.00,0.00,0.0%
K030 (COOL MESH DU-RAG : ASSORTED (DZ/48 DZ)),1.00,9.00,0.0%,9.00,2.81,2.81,6.19,68.78%
K031 (COOL MESH DU-RAG : BLACK (DZ/48 DZ)),134.00,876.00,0.0%,6.54,402.50,3.00,473.50,54.05%
K032 (COOL MESH DU-RAG : WHITE (DZ/48 DZ)),0.00,0.00,0.0%,0.00,0.00,0.00,0.00,0.0%
K035 (COOL MESH DOME-CAP : ASSORTED (DZ/48 DZ)),13.00,87.00,0.0%,6.69,32.50,2.50,54.50,62.64%
K036 (COOL MESH DOME-CAP : BLACK (DZ/48 DZ)),19.00,123.50,0.0%,6.50,47.50,2.50,76.00,61.54%
K037 (COOL MESH DOME-CAP : WHITE (DZ/48 DZ)),0.00,0.00,0.0%,0.00,0.00,0.00,0.00,0.0%
K038 (STRETCH MESH DOME CAP : BLACK (DZ/24DZ)),11.00,148.50,0.0%,13.50,64.67,5.88,83.83,56.45%
K050 (KID DU-RAG : ASSORTED COLOR (DZ/48 DZ)),100.00,454.50,0.0%,4.55,220.00,2.20,234.50,51.6%
K051 (KID DU-RAG : BLACK (DZ/48 DZ)),301.00,"1,366.50",0.0%,4.54,663.14,2.20,703.36,51.47%
K052 (KID DU-RAG : WHITE (DZ/48 DZ)),0.00,0.00,0.0%,0.00,0.00,0.00,0.00,0.0%
K053 (KID DU-RAG (TWO TONE) : ASSORTED (DZ/48 DZ)),0.00,0.00,0.0%,0.00,0.00,0.00,0.00,0.0%
K058 (KID STOCKING CAP : ASSORT (DZ/60 DZ)),22.00,86.00,0.0%,3.91,35.20,1.60,50.80,59.07%
K059 (KID STOCKING CAP : BLACK (DZ/60 DZ)),146.00,520.00,0.0%,3.56,226.32,1.55,293.68,56.48%
K060 (STOCKING WAVE-CAP (2 PC) : ASSORT (DZ/60 DZ)),36.00,130.50,0.0%,3.63,63.00,1.75,67.50,51.72%
K061 (STOCKING WAVE-CAP (2 PC) : BLACK (DZ/60 DZ)),865.00,"3,049.50",0.0%,3.53,"1,513.86",1.75,"1,535.64",50.36%
K062 (STOCKING WAVE-CAP (2 PC) : WHITE (DZ/60 DZ)),27.00,96.00,0.0%,3.56,47.25,1.75,48.75,50.78%
K063 (STOCKING WAVE-CAP (2 PC) : RED (DZ/60 DZ)),12.00,42.00,0.0%,3.50,21.00,1.75,21.00,50.0%
K064 (STOCKING WAVE-CAP (2 PC) : NAVY (DZ/60 DZ)),14.00,50.50,0.0%,3.61,24.50,1.75,26.00,51.49%
K065 (STOCKING WAVE-CAP (2 PC) : ROYAL (DZ/60 DZ)),0.00,0.00,0.0%,0.00,0.00,0.00,0.00,0.0%
K066 (STOCKING WAVE-CAP (2 PC) : SKY BL (DZ/60 DZ)),7.00,24.50,0.0%,3.50,12.25,1.75,12.25,50.0%
K067 (STOCKING WAVE-CAP (2 PC) : GRAY (DZ/60 DZ)),6.00,21.00,0.0%,3.50,10.46,1.74,10.54,50.19%
K068 (STOCKING WAVE-CAP (2 PC) : BROWN (DZ/60 DZ)),7.00,24.50,0.0%,3.50,12.24,1.75,12.26,50.04%
K070 (SPANDEX DOME-CAP : ASSORTED (DZ/48 DZ)),137.00,"1,254.00",0.0%,9.15,534.30,3.90,719.70,57.39%
K071 (SPANDEX DOME-CAP : BLACK (DZ/48 DZ)),410.00,"3,702.00",0.0%,9.03,"1,620.89",3.95,"2,081.11",56.22%
K072 (SPANDEX DOME-CAP : WHITE (DZ/48 DZ)),0.00,0.00,0.0%,0.00,0.00,0.00,0.00,0.0%
K075 (SPANDEX SKULL-CAP : ASSORTED (DZ/48 DZ)),11.00,102.50,0.0%,9.32,35.38,3.22,67.12,65.48%
K076 (SPANDEX SKULL-CAP : BLACK (DZ/48 DZ)),141.00,"1,206.00",0.0%,8.55,446.95,3.17,759.05,62.94%
K077 (SPANDEX SKULL-CAP : WHITE (DZ/48 DZ)),0.00,0.00,0.0%,0.00,0.00,0.00,0.00,0.0%
K080 (TIE-DOWN WAVE-CAP : ASSORT (DZ/48 DZ)),6.00,21.00,0.0%,3.50,0.00,0.00,21.00,100.0%
K081 (TIE-DOWN WAVE-CAP : BLACK (DZ/48 DZ)),0.00,0.00,0.0%,0.00,0.00,0.00,0.00,0.0%
K082 (TIE-DOWN WAVE-CAP : WHITE (DZ/48 DZ)),0.00,0.00,0.0%,0.00,0.00,0.00,0.00,0.0%
K083 (DREADLOCK WAVE CAP : ASSORT (DZ/40DZ)),141.00,"1,238.50",0.0%,8.78,474.59,3.37,763.91,61.68%
K084 (DREADLOCK WAVE CAP : BLACK (DZ/40DZ)),639.00,"5,509.00",0.0%,8.62,"2,172.94",3.40,"3,336.06",60.56%
K085 (DREADLOCK WAVE CAP (JUMBO) : ASSORT (DZ/24DZ)),94.00,"1,076.00",0.0%,11.45,438.05,4.66,637.95,59.29%
K086 (DREADLOCK WAVE CAP (JUMBO) : BLACK (DZ/24DZ)),392.00,"4,444.00",0.0%,11.34,"1,826.98",4.66,"2,617.02",58.89%
K090 (PLAY MAKER DU-RAG : ASSORTED (DZ/48 DZ)),0.00,0.00,0.0%,0.00,0.00,0.00,0.00,0.0%
K091 (PLAY MAKER DU-RAG : BLACK (DZ/48 DZ)),0.00,0.00,0.0%,0.00,0.00,0.00,0.00,0.0%
K092 (PLAY MAKER DU-RAG : WHITE (DZ/48 DZ)),0.00,0.00,0.0%,0.00,0.00,0.00,0.00,0.0%
K096 (PLAY MAKER DU-RAG(TWO) : ASSORT (DZ/48 DZ)),0.00,0.00,0.0%,0.00,0.00,0.00,0.00,0.0%
K2000 (VELVET DURAG : ASST (DZ / 24DZ)),190.00,"4,342.50",0.0%,22.86,"1,995.00",10.50,"2,347.50",54.06%
K2001 (VELVET DURAG : BK (DZ / 24DZ)),244.00,"5,617.50",0.0%,23.02,"2,562.00",10.50,"3,055.50",54.39%
K2002 (VELVET DURAG : WHT (DZ / 24DZ)),8.00,180.00,0.0%,22.50,84.00,10.50,96.00,53.33%
K2003 (VELVET DURAG : RED (DZ / 24DZ)),30.00,682.50,0.0%,22.75,315.00,10.50,367.50,53.85%
K2004 (VELVET DURAG : NAVY (DZ / 24DZ)),7.00,165.00,0.0%,23.57,73.50,10.50,91.50,55.46%
K2005 (VELVET DURAG : ROYAL (DZ / 24DZ)),22.00,510.00,0.0%,23.18,231.00,10.50,279.00,54.71%
K2006 (VELVET DURAG : SKY (DZ / 24DZ)),15.00,337.50,0.0%,22.50,157.50,10.50,180.00,53.33%
K2007 (VELVET DURAG : SLV (DZ / 24DZ)),6.00,135.00,0.0%,22.50,63.00,10.50,72.00,53.33%
K2008 (VELVET DURAG : YELLOW (DZ / 24DZ)),1.00,30.00,0.0%,30.00,10.50,10.50,19.50,65.0%
K2009 (VELVET DURAG : ORG (DZ / 24DZ)),6.00,135.00,0.0%,22.50,63.00,10.50,72.00,53.33%
K201 (SPANDEX VISOR DOME CAP : BLACK (DZ/24 DZ)),5.00,108.00,0.0%,21.60,41.00,8.20,67.00,62.04%
K2010 (VELVET DURAG : GRN (DZ / 24DZ)),7.00,165.00,0.0%,23.57,73.50,10.50,91.50,55.46%
K2011 (VELVET DURAG : PNK (DZ / 24DZ)),18.00,435.00,0.0%,24.17,189.00,10.50,246.00,56.55%
K2012 (VELVET DURAG : PURPLE (DZ / 24DZ)),18.00,442.50,0.0%,24.58,189.00,10.50,253.50,57.29%
K2013 (VELVET DURAG : GOLD (DZ / 24DZ)),2.00,52.50,0.0%,26.25,21.00,10.50,31.50,60.0%
K2014 (VELVET DOME CAP : ASST (DZ / 24DZ)),34.00,468.00,0.0%,13.76,217.60,6.40,250.40,53.5%
K2015 (VELVET DOME CAP : BK (DZ / 24DZ)),67.00,918.00,0.0%,13.70,428.80,6.40,489.20,53.29%
K2016 (METALLIC DURAG : ASST. (DZ/24DZ)),2.00,36.00,0.0%,18.00,15.00,7.50,21.00,58.33%
K2017 (METALLIC DURAG : WHITE (DZ/24DZ)),3.00,60.00,0.0%,20.00,22.50,7.50,37.50,62.5%
K2018 (METALLIC DURAG : ROYAL (DZ/24DZ)),5.00,102.00,0.0%,20.40,37.50,7.50,64.50,63.24%
K2019 (METALLIC DURAG : PURPLE (DZ/24DZ)),1.00,24.00,0.0%,24.00,7.50,7.50,16.50,68.75%
K202 (SPANDEX VISOR DOME CAP : WHITE (DZ/24 DZ)),0.00,0.00,0.0%,0.00,0.00,0.00,0.00,0.0%
K2020 (METALLIC DURAG : PINK (DZ/24DZ)),1.00,24.00,0.0%,24.00,7.50,7.50,16.50,68.75%
K2021 (METALLIC DURAG : SILVER (DZ/24DZ)),2.00,48.00,0.0%,24.00,15.00,7.50,33.00,68.75%
K2022 (METALLIC DURAG : GOLD (DZ/24DZ)),2.00,48.00,0.0%,24.00,15.00,7.50,33.00,68.75%
K2030 (WOLFING DU-STRAP : ASST (DZ/12DZ)),620.00,"14,140.00",0.0%,22.81,"6,076.00",9.80,"8,064.00",57.03%
K213 (SPANDEX VISOR DOME CAP : RG.ASST (DZ/24 DZ)),0.00,0.00,0.0%,0.00,0.00,0.00,0.00,0.0%
K230 (VISOR DU-RAG : ASSORT (DZ/24 DZ)),0.00,0.00,0.0%,0.00,0.00,0.00,0.00,0.0%
K231 (VISOR DU-RAG : BLACK (DZ/24 DZ)),0.00,0.00,0.0%,0.00,0.00,0.00,0.00,0.0%
K233 (VISOR DU-RAG : TWO/TONE ASSORT (DZ/24 DZ)),0.00,0.00,0.0%,0.00,0.00,0.00,0.00,0.0%
K400 (DELUXE DURAG : ASSORT (DZ/36 DZ)),25.00,228.00,0.0%,9.12,113.50,4.54,114.50,50.22%
K401 (DELUXE DURAG : BLACK (DZ/36 DZ)),82.00,753.00,0.0%,9.18,383.02,4.67,369.98,49.13%
K402 (DELUXE DURAG : WHITE (DZ/36 DZ)),0.00,0.00,0.0%,0.00,0.00,0.00,0.00,0.0%
K403 (SILKY DURAG : ASST (DZ/36 DZ)),217.00,"1,968.00",0.0%,9.07,849.62,3.92,"1,118.38",56.83%
K404 (SILKY DURAG : BK (DZ/36 DZ)),314.00,"2,865.00",0.0%,9.12,"1,223.57",3.90,"1,641.43",57.29%
K405 (SILKY DURAG : WHT (DZ/36DZ)),5.00,45.00,0.0%,9.00,19.55,3.91,25.45,56.56%
K406 (SILKY DURAG : RED (DZ/36DZ)),14.00,132.00,0.0%,9.43,54.13,3.87,77.87,58.99%
K407 (SILKY DURAG : NAVY (DZ/36DZ)),11.00,105.00,0.0%,9.55,43.05,3.91,61.95,59.0%
K408 (SILKY DURAG : ROYAL (DZ/36DZ)),8.00,75.00,0.0%,9.38,31.10,3.89,43.90,58.53%
K409 (SILKY DURAG : SKY (DZ/36DZ)),3.00,27.00,0.0%,9.00,11.58,3.86,15.42,57.11%
K410 (SILKY DURAG : SILVER (DZ/36DZ)),4.00,36.00,0.0%,9.00,15.55,3.89,20.45,56.81%
K411 (SILKY DURAG : YELLOW (DZ/36DZ)),6.00,54.00,0.0%,9.00,23.28,3.88,30.72,56.89%
K412 (SILKY DURAG : ORANGE (DZ/36DZ)),4.00,39.00,0.0%,9.75,15.59,3.90,23.41,60.03%
K413 (SILKY DURAG : GREEN (DZ/36DZ)),3.00,27.00,0.0%,9.00,11.72,3.91,15.28,56.59%
K414 (SILKY DURAG : L/PINK (DZ/36DZ)),7.00,66.00,0.0%,9.43,27.07,3.87,38.93,58.99%
K415 (SILKY DURAG : PURPLE (DZ/36DZ)),6.00,57.00,0.0%,9.50,23.05,3.84,33.95,59.56%
K416 (SILKY DURAG : GOLD (DZ/36DZ)),0.00,0.00,0.0%,0.00,0.00,0.00,0.00,0.0%
K417 (SILKY CAMO DURAG : ASST. (DZ/24DZ)),53.00,720.00,0.0%,13.58,238.50,4.50,481.50,66.88%
K418 (SILKY CAMO DURAG : GREEN (DZ/24DZ)),38.00,513.00,0.0%,13.50,171.00,4.50,342.00,66.67%
K419 (SILKY CAMO DURAG : BLUE (DZ/24DZ)),40.00,540.00,0.0%,13.50,180.00,4.50,360.00,66.67%
K420 (SILKY CAMO DURAG : PINK (DZ/24DZ)),58.00,783.00,0.0%,13.50,261.00,4.50,522.00,66.67%
K422 (MAN MAGIC-RAG : WHITE (DZ/36 DZ)),0.00,0.00,0.0%,0.00,0.00,0.00,0.00,0.0%
K600 (BONUS DURAG : ASSORT (DZ/36 DZ)),0.00,0.00,0.0%,0.00,0.00,0.00,0.00,0.0%
K601 (BONUS DURAG : BLACK (DZ/36 DZ)),0.00,0.00,0.0%,0.00,0.00,0.00,0.00,0.0%
K602 (BONUS DURAG : WHITE (DZ/36 DZ)),0.00,0.00,0.0%,0.00,0.00,0.00,0.00,0.0%
K603 (BONUS DURAG : RED (DZ/36 DZ)),0.00,0.00,0.0%,0.00,0.00,0.00,0.00,0.0%
K604 (BONUS DURAG : NAVY (DZ/36 DZ)),0.00,0.00,0.0%,0.00,0.00,0.00,0.00,0.0%
K700 (SPANDEX STRETCH CAP : ASSORTED (DZ/48 DZ)),25.00,179.00,0.0%,7.16,67.50,2.70,111.50,62.29%
K701 (SPANDEX STRETCH CAP : BLACK (DZ/48 DZ)),100.00,710.00,0.0%,7.10,263.84,2.64,446.16,62.84%
K702 (SPANDEX STRETCH CAP : WHITE (DZ/48 DZ)),0.00,0.00,0.0%,0.00,0.00,0.00,0.00,0.0%
K703 (SPAN DREADLOCKS CAP : ASSORT (DZ/24 DZ)),166.00,"2,803.50",0.0%,16.89,"1,137.05",6.85,"1,666.45",59.44%
K704 (SPAN DREADLOCKS CAP : BLACK (DZ/24 DZ)),439.00,"7,311.00",0.0%,16.65,"3,006.73",6.85,"4,304.27",58.87%
K705 (SPAN DREADLOCKS CAP (XL) : ASSORT (DZ/24 DZ)),124.00,"2,649.00",0.0%,21.36,"1,010.48",8.15,"1,638.52",61.85%
K706 (SPAN DREADLOCKS CAP (XL) : BLACK (DZ/24 DZ)),700.00,"14,865.00",0.0%,21.24,"5,704.52",8.15,"9,160.48",61.62%
K707 (SPAN DREADLOCKS BAND : ASSORT (DZ/24 DZ)),81.00,688.50,0.0%,8.50,297.92,3.68,390.58,56.73%
K708 (SPAN DREADLOCKS BAND : BLACK (DZ/24 DZ)),297.00,"2,535.00",0.0%,8.54,"1,091.39",3.67,"1,443.61",56.95%
K710 (DREADLOCKS TUBE : ASSORT (DZ/24 DZ)),81.00,"1,003.50",0.0%,12.39,514.35,6.35,489.15,48.74%
K711 (DREADLOCKS TUBE : BLACK (DZ/24 DZ)),245.00,"2,958.00",0.0%,12.07,"1,555.75",6.35,"1,402.25",47.41%
K720 (SPORT BAND SET (3PCS) : ASSORT (DZ/24 DZ)),0.00,0.00,0.0%,0.00,0.00,0.00,0.00,0.0%
K721 (SPORT BAND SET (3PCS) : BLACK (DZ/24 DZ)),0.00,0.00,0.0%,0.00,0.00,0.00,0.00,0.0%
K722 (SPORT BAND SET (3PCS) : WHITE (DZ/24 DZ)),0.00,0.00,0.0%,0.00,0.00,0.00,0.00,0.0%
K723 (SPORT BAND SET (3PCS) : RED (DZ/24 DZ)),0.00,0.00,0.0%,0.00,0.00,0.00,0.00,0.0%
K724 (SPORT BAND SET (3PCS) : NAVY (DZ/24 DZ)),0.00,0.00,0.0%,0.00,0.00,0.00,0.00,0.0%
K731 (SPORT BAND SET (3PCS) : ORANGE (DZ/24 DZ)),0.00,0.00,0.0%,0.00,0.00,0.00,0.00,0.0%
K860 (OGN WAVE CAP : ASSORT (DZ/40 DZ)),39.00,166.00,0.0%,4.26,66.18,1.70,99.82,60.13%
K861 (OGN WAVE CAP : BLACK (DZ/40 DZ)),"1,749.00","7,012.00",0.0%,4.01,"3,034.80",1.74,"3,977.20",56.72%
K862 (OGN WAVE CAP : WHITE (DZ/40 DZ)),1.00,4.00,0.0%,4.00,0.00,0.00,4.00,100.0%
K863 (OGN KID WAVE CAP : ASSORT (DZ/40 DZ)),13.00,52.00,0.0%,4.00,0.00,0.00,52.00,100.0%
K864 (OGN KID WAVE CAP : BLACK (DZ/40 DZ)),7.00,30.00,0.0%,4.29,0.00,0.00,30.00,100.0%
K941 (JAMAICA HAT : BLACK (DZ/12DZ)),0.00,0.00,0.0%,0.00,0.00,0.00,0.00,0.0%
K943 (JAMAICA HAT : RED (DZ/12DZ)),0.00,0.00,0.0%,0.00,0.00,0.00,0.00,0.0%
K945 (JAMAICA HAT : BROWN (DZ/12DZ)),0.00,0.00,0.0%,0.00,0.00,0.00,0.00,0.0%
K950 (JAMAICA HAT : AFRO (DZ/12DZ)),0.00,0.00,0.0%,0.00,0.00,0.00,0.00,0.0%
K960 (VISOR JAMAICA HAT : ASSORT (DZ/12DZ)),0.00,0.00,0.0%,0.00,0.00,0.00,0.00,0.0%
K961 (VISOR JAMAICA HAT : BLACK (DZ/12DZ)),0.00,0.00,0.0%,0.00,0.00,0.00,0.00,0.0%
K965 (VISOR JAMAICA HAT :BROWN (DZ/12DZ)),0.00,0.00,0.0%,0.00,0.00,0.00,0.00,0.0%
"K969 (LOC VISOR CAP, W : BK (DZ/12DZ))",0.00,0.00,0.0%,0.00,0.00,0.00,0.00,0.0%
"K970 (LOC VISOR CAP, N : BK (DZ/12DZ))",-9.00,-312.00,0.0%,34.67,-163.08,18.12,-148.92,47.73%
K971 (VISOR JAMAICA HAT : WH.AFRO (DZ/12DZ)),0.00,0.00,0.0%,0.00,0.00,0.00,0.00,0.0%
K980 (VISOR JAMAICA HAT (LONG) : ASSORT (DZ/12DZ)),-2.00,-90.00,0.0%,45.00,0.00,0.00,-90.00,100.0%
K981 (VISOR JAMAICA HAT (LONG) : BLACK (DZ/12DZ)),-5.00,-225.00,0.0%,45.00,0.00,0.00,-225.00,100.0%
K985 (VISOR JAMAICA HAT (LONG) :BROWN (DZ/12DZ)),-1.00,-45.00,0.0%,45.00,0.00,0.00,-45.00,100.0%
"K989 (LOC VISOR CAP, SUPER LONG : BK (DZ/12DZ))",13.00,492.00,0.0%,37.85,286.00,22.00,206.00,41.87%
K990 (LOC VISOR TUBE : BK (DZ/12DZ)),-11.00,-396.00,0.0%,36.00,-199.32,18.12,-196.68,49.67%
MASK (MASK : L/BLUE (PC/2400PCS)),"179,750.00","109,391.00",0.0%,0.61,"71,900.00",0.40,"37,491.00",34.27%
MASK-KN95 (MASK : KN95 (PC/1000PCS)),0.00,0.00,0.0%,0.00,0.00,0.00,0.00,0.0%
Q054 (KID SLEEP CAP : ASSORT (DZ/48 DZ)),75.00,582.50,0.0%,7.77,209.00,2.79,373.50,64.12%
Q055 (KID SLEEP CAP : BLACK (DZ/48 DZ)),72.00,557.50,0.0%,7.74,200.22,2.78,357.28,64.09%
Q100 (STOCKING WIG-CAP (2 PC) : BLACK (DZ/60 DZ)),"5,720.00","17,413.50",0.0%,3.04,"8,742.39",1.53,"8,671.11",49.8%
Q101 (STOCKING WIG-CAP (2 PC) : BROWN (DZ/60 DZ)),"1,424.00","4,282.50",0.0%,3.01,"2,182.05",1.53,"2,100.45",49.05%
Q102 (STOCKING WIG-CAP (2 PC) : LT. BROWN (DZ/60 DZ)),"1,517.00","4,687.50",0.0%,3.09,"2,312.95",1.52,"2,374.55",50.66%
Q103 (STOCKING WIG-CAP (100 PC) : BLACK (PK/24PK)),16.00,160.00,0.0%,10.00,78.40,4.90,81.60,51.0%
Q104 (STOCKING WIG-CAP (2 PC) : BEIGE (NTR) (DZ/60 DZ)),"3,330.00","10,354.50",0.0%,3.11,"5,066.73",1.52,"5,287.77",51.07%
Q105 (STOCKING WIG-CAP (200 PC) : BLACK (PK/24PK)),84.00,"1,614.00",0.0%,19.21,822.96,9.80,791.04,49.01%
Q106 (STOCKING WIG-CAP (400 PC) : BLACK (PK/16PK)),64.00,"2,459.00",0.0%,38.42,"1,223.32",19.11,"1,235.68",50.25%
Q107 (STOCKING WIG-CAP (400 PC) : BEIGE(NTR) (PK/16PK)),18.00,692.00,0.0%,38.44,342.00,19.00,350.00,50.58%
Q108 (BRAID CYLINDER : BLACK (DZ/48 DZ)),82.00,373.50,0.0%,4.55,147.49,1.80,226.01,60.51%
Q109 (BRAID CYLINDER : BROWN (DZ/48 DZ)),4.00,18.00,0.0%,4.50,7.20,1.80,10.80,60.0%
Q110 (MESH-WRAP (LG) : ASSORTED (DZ/48 DZ)),85.00,514.00,0.0%,6.05,250.60,2.95,263.40,51.25%
Q111 (MESH-WRAP (LG) : BLACK (DZ/48 DZ)),204.00,"1,244.00",0.0%,6.10,593.85,2.91,650.15,52.26%
Q114 (UNDA CAP (3 PC) : WHITE (DZ/60 DZ)),6.00,18.00,0.0%,3.00,0.00,0.00,18.00,100.0%
Q115 (UNDA CAP (3 PC) : PINK (DZ/60 DZ)),0.00,0.00,0.0%,0.00,0.00,0.00,0.00,0.0%
Q116 (UNDA CAP (3 PC) : BLUE (DZ/60 DZ)),0.00,0.00,0.0%,0.00,0.00,0.00,0.00,0.0%
Q117 (UNDA CAP (100 PC) : WHITE (BOX/24 BOX)),0.00,0.00,0.0%,0.00,0.00,0.00,0.00,0.0%
Q118 (UNDA CAP (100 PC) : PINK (BOX/24 BOX)),0.00,0.00,0.0%,0.00,0.00,0.00,0.00,0.0%
Q119 (UNDA CAP (100 PC) : BLUE (BOX/24 BOX)),0.00,0.00,0.0%,0.00,0.00,0.00,0.00,0.0%
Q120 (SUPER JUMBO SLEEP-CAP : ASSORT (DZ/24 DZ)),44.00,513.00,0.0%,11.66,200.26,4.55,312.74,60.96%
Q121 (SUPER JUMBO SLEEP-CAP : BLACK (DZ/24 DZ)),41.00,489.00,0.0%,11.93,187.32,4.57,301.68,61.69%
Q122 (SUPER JUMBO BONNET : ASSORT (DZ/24 DZ)),40.00,481.00,0.0%,12.03,182.00,4.55,299.00,62.16%
Q123 (SUPER JUMBO BONNET : BLACK (DZ/24 DZ)),51.00,586.50,0.0%,11.50,235.49,4.62,351.01,59.85%
Q124 (DRAWSTRING SLEEP CAP : ASSORT (DZ/48DZ)),24.00,219.00,0.0%,9.13,89.18,3.72,129.82,59.28%
Q125 (DRAWSTRING SLEEP CAP : BLACK (DZ/48DZ)),117.00,"1,059.00",0.0%,9.05,437.94,3.74,621.06,58.65%
Q126 (XL STOCKING WIG-CAP (2PCS) : BK (DZ/60 DZ)),469.00,"1,653.50",0.0%,3.53,766.75,1.63,886.75,53.63%
Q127 (XL STOCKING WIG CAP(200PCS) : BK (PK/24PK)),0.00,0.00,0.0%,0.00,0.00,0.00,0.00,0.0%
Q129 (MAGIC-SCARF : ASSORT (DZ/16 DZ)),2.00,81.00,0.0%,40.50,18.06,9.03,62.94,77.7%
Q130 (MAGIC-SCARF : BLACK (DZ/16 DZ)),135.00,"2,514.00",0.0%,18.62,"1,219.04",9.03,"1,294.96",51.51%
Q131 (MAGIC-SCARF : WHITE (DZ/16 DZ)),1.00,24.00,0.0%,24.00,9.00,9.00,15.00,62.5%
Q140 (LADY DURAG : ASSORTED (DZ/20 DZ)),58.00,718.50,0.0%,12.39,350.18,6.04,368.32,51.26%
Q141 (LADY DURAG : BLACK (DZ/20 DZ)),37.00,453.00,0.0%,12.24,222.80,6.02,230.20,50.82%
Q142 (STOCKING WIG-CAP (2 PC) : D/BRW (DZ/60 DZ)),280.00,871.50,0.0%,3.11,417.20,1.49,454.30,52.13%
Q143 (STOCKING WIG-CAP (2 PC) : AUBURN (DZ/60 DZ)),"5,009.00","15,222.00",0.0%,3.04,"7,666.31",1.53,"7,555.69",49.64%
Q144 (STOCKING WIG-CAP (2 PC) : CREAM (BLD) (DZ/60 DZ)),229.00,696.00,0.0%,3.04,341.21,1.49,354.79,50.98%
Q150 (SATIN SLEEP-CAP(LG) : ASSORTED (DZ/36 DZ)),220.00,"1,880.00",0.0%,8.55,673.71,3.06,"1,206.29",64.16%
Q151 (SATIN SLEEP-CAP(LG) : BLACK (DZ/36 DZ)),472.00,"4,039.50",0.0%,8.56,"1,456.56",3.09,"2,582.94",63.94%
Q152 (SATIN SLEEP-CAP(XL) : ASSORTED (DZ/36 DZ)),104.00,951.00,0.0%,9.14,358.75,3.45,592.25,62.28%
Q153 (SATIN SLEEP-CAP(XL) : BLACK (DZ/36 DZ)),161.00,"1,458.00",0.0%,9.06,576.94,3.58,881.06,60.43%
Q154 (SATIN SLEEP-CAP(FL) : ASSORTED (DZ/36 DZ)),116.00,"1,071.00",0.0%,9.23,426.09,3.67,644.91,60.22%
Q156 (SATIN BONNET (LG) : ASSORTED (DZ/36 DZ)),132.00,"1,147.00",0.0%,8.69,409.38,3.10,737.62,64.31%
Q157 (SATIN BONNET (LG) : BLACK (DZ/24DZ)),569.00,"4,871.50",0.0%,8.56,"1,809.92",3.18,"3,061.58",62.85%
Q158 (SATIN BONNET (XL) : ASSORTED (DZ/36 DZ)),137.00,"1,251.00",0.0%,9.13,491.52,3.59,759.48,60.71%
Q159 (SATIN BONNET (XL) : BLACK (DZ/36 DZ)),161.00,"1,467.00",0.0%,9.11,587.62,3.65,879.38,59.94%
Q160 (SATIN OVER WRAP (LG) : ASSORTED (DZ/24DZ)),87.00,742.00,0.0%,8.53,265.11,3.05,476.89,64.27%
Q161 (SATIN OVER WRAP (LG) : BLACK (DZ/48 DZ)),134.00,"1,154.00",0.0%,8.61,405.08,3.02,748.92,64.9%
Q162 (SATIN TRIANGLE (LG) : ASSORTED (DZ/48 DZ)),23.00,205.50,0.0%,8.93,66.47,2.89,139.03,67.66%
Q163 (SATIN TRIANGLE (LG) : BLACK (DZ/48 DZ)),118.00,"1,023.00",0.0%,8.67,339.86,2.88,683.14,66.78%
Q164 (SATIN SCARF (LG) : ASSORTED (DZ/36 DZ)),103.00,951.00,0.0%,9.23,372.30,3.61,578.70,60.85%
Q165 (SATIN SCARF (LG) : BLACK (DZ/36 DZ)),135.00,"1,230.00",0.0%,9.11,479.53,3.55,750.47,61.01%
Q166 (SATIN BAND (LG) : ASSORTED (DZ/48 DZ)),26.00,182.00,0.0%,7.00,61.36,2.36,120.64,66.29%
Q167 (SATIN BAND (LG) : BLACK (DZ/48 DZ)),148.00,"1,054.00",0.0%,7.12,349.26,2.36,704.74,66.86%
Q168 (SATIN FOAM WRAP (LG) : ASSORTED (DZ/36 DZ)),3.00,25.50,0.0%,8.50,10.02,3.34,15.48,60.71%
Q169 (SATIN FOAM WRAP (LG) : BLACK (DZ/36 DZ)),21.00,186.00,0.0%,8.86,69.80,3.32,116.20,62.47%
Q170 (SPANDEX-CAP (LG) : ASSORTED (DZ/48 DZ)),109.00,936.50,0.0%,8.59,307.63,2.82,628.87,67.15%
Q171 (SPANDEX WRAP : ASSORTED (DZ/48 DZ)),135.00,"1,227.00",0.0%,9.09,458.28,3.39,768.72,62.65%
Q172 (SPANDEX-CAP (LG) : BLACK (DZ/48 DZ)),102.00,879.50,0.0%,8.62,290.37,2.85,589.13,66.99%
Q173 (SPANDEX WRAP : BLACK (DZ/48 DZ)),172.00,"1,575.00",0.0%,9.16,584.48,3.40,990.52,62.89%
Q174 (SATIN WRAP-OPEN TOP (LG) : ASSORT (DZ/48 DZ)),98.00,447.00,0.0%,4.56,224.72,2.29,222.28,49.73%
Q175 (SATIN WRAP-OPEN TOP (LG) : BLACK (DZ/48 DZ)),309.00,"1,405.50",0.0%,4.55,707.69,2.29,697.81,49.65%
Q176 (SATIN MULTI SCARF : ASSORT (DZ/48 DZ)),7.00,66.00,0.0%,9.43,22.79,3.26,43.21,65.47%
Q177 (SATIN MULTI SCARF : BLACK (DZ/48 DZ)),75.00,678.00,0.0%,9.04,246.00,3.28,432.00,63.72%
Q178 (SATIN BRAID BONNET : ASSORT (DZ/36 DZ)),67.00,618.00,0.0%,9.22,273.36,4.08,344.64,55.77%
Q179 (SATIN BRAID BONNET : BLACK (DZ/36 DZ)),386.00,"3,501.00",0.0%,9.07,"1,574.77",4.08,"1,926.23",55.02%
Q180 (SHOWER-CAP (LG) : ASSORTED (DZ/48 DZ)),113.00,511.50,0.0%,4.53,237.30,2.10,274.20,53.61%
Q181 (SHOWER-CAP (LG) : BLACK (DZ/48 DZ)),426.00,"2,028.00",0.0%,4.76,894.60,2.10,"1,133.40",55.89%
Q182 (SHOWER CAP : DOT (DZ/48 DZ)),132.00,619.50,0.0%,4.69,330.00,2.50,289.50,46.73%
Q183 (SHOWER-CAP (XL) : ASSORT (DZ/48 DZ)),85.00,387.00,0.0%,4.55,191.25,2.25,195.75,50.58%
Q184 (SHOWER-CAP (XL) : BLACK (DZ/48 DZ)),244.00,"1,101.00",0.0%,4.51,549.00,2.25,552.00,50.14%
Q185 (CONDITIONING-CAP (6 PC) : ASSORT (DZ/48 DZ)),2.00,12.00,0.0%,6.00,5.40,2.70,6.60,55.0%
Q186 (CONDITIONING-CAP (6 PC) : CLEAR (DZ/48 DZ)),62.00,282.00,0.0%,4.55,139.68,2.25,142.32,50.47%
Q187 (CONDITIONING-CAP (30PC/6EA/PK) : AST (PK/12PK)),25.00,151.50,0.0%,6.06,0.00,0.00,151.50,100.0%
Q188 (CONDITIONING-CAP (30PC/6EA/PK) : CLR (PK/12PK)),1.00,6.00,0.0%,6.00,0.00,0.00,6.00,100.0%
Q190 (PROCESSING-CAP (LG) : GOLD (DZ/48 DZ)),113.00,514.50,0.0%,4.55,226.02,2.00,288.48,56.07%
Q191 (PROCESSING-CAP (LG) : SILVER (DZ/48 DZ)),61.00,279.00,0.0%,4.57,123.00,2.02,156.00,55.91%
Q192 (TIPPING CAP : ASSORT (DZ/48 DZ)),54.00,336.00,0.0%,6.22,146.00,2.70,190.00,56.55%
Q194 (RAIN-BONNET (LG)-CLEAR (DZ/48 DZ)),47.00,225.00,0.0%,4.79,107.80,2.29,117.20,52.09%
Q195 (BRAID SHOWER CAP : ASSORT (DZ/24 DZ)),38.00,702.00,0.0%,18.47,290.70,7.65,411.30,58.59%
Q196 (BRAID SHOWER CAP : BLACK (DZ/24 DZ)),118.00,"2,142.00",0.0%,18.15,902.70,7.65,"1,239.30",57.86%
Q199 (NEUTRALIZING BIB : CLEAR (DZ/36 DZ)),0.00,0.00,0.0%,0.00,0.00,0.00,0.00,0.0%
Q260 (KNOTTED HEADWRAP : ASSORT (DZ/12 DZ)),94.00,"1,722.00",0.0%,18.32,758.07,8.06,963.93,55.98%
Q261 (KNOTTED HEADWRAP : BLACK (DZ/12 DZ)),142.00,"2,604.00",0.0%,18.34,"1,147.79",8.08,"1,456.21",55.92%
Q262 (KNOTTED HEADWRAP : WHITE (DZ/12 DZ)),0.00,0.00,0.0%,0.00,0.00,0.00,0.00,0.0%
Q303 (FOAM MESH-WRAP : ASSORT (DZ/36 DZ)),94.00,764.00,0.0%,8.13,320.23,3.41,443.77,58.09%
Q304 (FOAM MESH-WRAP : BLACK (DZ/36 DZ)),328.00,"2,649.00",0.0%,8.08,"1,112.08",3.39,"1,536.92",58.02%
Q305 (FIRM MESH-WRAP : ASSORT (DZ/48 DZ)),21.00,147.00,0.0%,7.00,63.69,3.03,83.31,56.67%
Q306 (FIRM MESH-WRAP : BLACK (DZ/48 DZ)),142.00,996.00,0.0%,7.01,420.24,2.96,575.76,57.81%
Q307 (PLASTIC EAR COVER (8 PC) : ASSORT (DZ/48 DZ)),0.00,0.00,0.0%,0.00,0.00,0.00,0.00,0.0%
Q308 (PLASTIC EAR COVER (8 PC) : CLEAR (DZ/48 DZ)),0.00,0.00,0.0%,0.00,0.00,0.00,0.00,0.0%
Q385 (BIG KNOTTED HEADWRAP : ASSORT (DZ/12DZ)),29.00,621.00,0.0%,21.41,281.67,9.71,339.33,54.64%
Q386 (BIG KNOTTED HEADWRAP : BLACK (DZ/12DZ)),44.00,954.00,0.0%,21.68,431.36,9.80,522.64,54.78%
Q439 (KUFI-CAP : CRIMSON (BULK) (DZ/40 DZ)),0.00,0.00,0.0%,0.00,0.00,0.00,0.00,0.0%
Q440 (KUFI-CAP : PEACH (BULK) (DZ/40 DZ)),0.00,0.00,0.0%,0.00,0.00,0.00,0.00,0.0%
Q441 (KUFI-CAP : MUSTARD (BULK) (DZ/40 DZ)),0.00,0.00,0.0%,0.00,0.00,0.00,0.00,0.0%
Q442 (KUFI-CAP : TURQUOISE (BULK) (DZ/40 DZ)),4.00,54.00,0.0%,13.50,0.00,0.00,54.00,100.0%
Q443 (KUFI-CAP : BEIGE (BULK) (DZ/40 DZ)),0.00,0.00,0.0%,0.00,0.00,0.00,0.00,0.0%
Q444 (KUFI-CAP : DARK BROWN (DZ/40 DZ)),10.00,115.00,0.0%,11.50,66.00,6.60,49.00,42.61%
Q445 (KUFI-CAP : AQUA (DZ/40 DZ)),0.00,0.00,0.0%,0.00,0.00,0.00,0.00,0.0%
Q446 (KUFI-CAP : TAN (BULK) (DZ/40 DZ)),0.00,0.00,0.0%,0.00,0.00,0.00,0.00,0.0%
Q447 (KUFI-CAP : LEMON (BULK) (DZ/40 DZ)),0.00,0.00,0.0%,0.00,0.00,0.00,0.00,0.0%
Q450 (KUFI-CAP ASSORT (DZ/24 DZ)),2.00,40.00,0.0%,20.00,14.85,7.43,25.15,62.88%
Q451 (KUFI-CAP BLACK (DZ/24 DZ)),0.00,0.00,0.0%,0.00,0.00,0.00,0.00,0.0%
Q452 (KUFI-CAP WHITE (DZ/24 DZ)),0.00,0.00,0.0%,0.00,0.00,0.00,0.00,0.0%
Q469 (KUFI-CAP : ASSORT (BULK) (DZ/40 DZ)),40.00,540.00,0.0%,13.50,264.00,6.60,276.00,51.11%
Q470 (KUFI-CAP : BLACK (BULK) (DZ/40 DZ)),200.00,"2,727.00",0.0%,13.64,"1,320.00",6.60,"1,407.00",51.6%
Q471 (KUFI-CAP : WHITE (BULK) (DZ/40 DZ)),14.00,189.00,0.0%,13.50,92.40,6.60,96.60,51.11%
Q472 (KUFI-CAP : RED (BULK) (DZ/40 DZ)),3.00,45.00,0.0%,15.00,19.80,6.60,25.20,56.0%
Q473 (KUFI-CAP : NAVY BLUE (BULK) (DZ/40 DZ)),32.00,392.00,0.0%,12.25,211.20,6.60,180.80,46.12%
Q474 (KUFI-CAP : ROYAL BLUE (BULK) (DZ/40 DZ)),1.00,13.50,0.0%,13.50,6.60,6.60,6.90,51.11%
Q475 (KUFI-CAP : SKY BLUE (BULK) (DZ/40 DZ)),0.00,0.00,0.0%,0.00,0.00,0.00,0.00,0.0%
Q476 (KUFI-CAP : D. GRAY (BULK) (DZ/40 DZ)),0.00,0.00,0.0%,0.00,0.00,0.00,0.00,0.0%
Q477 (KUFI-CAP : L. GRAY (BULK) (DZ/40 DZ)),0.00,0.00,0.0%,0.00,0.00,0.00,0.00,0.0%
Q478 (KUFI-CAP : BROWN (BULK) (DZ/40 DZ)),2.00,27.00,0.0%,13.50,13.20,6.60,13.80,51.11%
Q479 (KUFI-CAP : KHAKI (BULK) (DZ/40 DZ)),0.00,0.00,0.0%,0.00,0.00,0.00,0.00,0.0%
Q480 (KUFI-CAP : H. PINK (BULK) (DZ/40 DZ)),0.00,0.00,0.0%,0.00,0.00,0.00,0.00,0.0%
Q481 (KUFI-CAP : PINK (BULK) (DZ/40 DZ)),0.00,0.00,0.0%,0.00,0.00,0.00,0.00,0.0%
Q482 (KUFI-CAP : GOLD (BULK) (DZ/40 DZ)),0.00,0.00,0.0%,0.00,0.00,0.00,0.00,0.0%
Q483 (KUFI-CAP : YELLOW (BULK) (DZ/40 DZ)),0.00,0.00,0.0%,0.00,0.00,0.00,0.00,0.0%
Q484 (KUFI-CAP : PURPLE (BULK) (DZ/40 DZ)),0.00,0.00,0.0%,0.00,0.00,0.00,0.00,0.0%
Q485 (KUFI-CAP : LAVENDER (BULK) (DZ/40 DZ)),0.00,0.00,0.0%,0.00,0.00,0.00,0.00,0.0%
Q486 (KUFI-CAP : GREEN (BULK) (DZ/40 DZ)),0.00,0.00,0.0%,0.00,0.00,0.00,0.00,0.0%
Q487 (KUFI-CAP : LIME (BULK) (DZ/40 DZ)),0.00,0.00,0.0%,0.00,0.00,0.00,0.00,0.0%
Q488 (KUFI-CAP : BURGUNDY (BULK) (DZ/40 DZ)),0.00,0.00,0.0%,0.00,0.00,0.00,0.00,0.0%
Q489 (KUFI-CAP : ORANGE (BULK) (DZ/40 DZ)),0.00,0.00,0.0%,0.00,0.00,0.00,0.00,0.0%
Q490 (KUFI-CAP : AFRO (BULK) (DZ/40 DZ)),32.00,416.50,0.0%,13.02,211.20,6.60,205.30,49.29%
Q497 (KUFI-CAP : CREAM (BULK) (DZ/40 DZ)),0.00,0.00,0.0%,0.00,0.00,0.00,0.00,0.0%
Q498 (KUFI-CAP :M. PINK (BULK) (DZ/40 DZ)),10.00,115.00,0.0%,11.50,0.00,0.00,115.00,100.0%
Q500 (DLX CUSTOM WEAVING CAP (PETITE) (DZ/36 DZ)),6.00,144.00,0.0%,24.00,45.55,7.59,98.45,68.37%
Q5000 (SILI BAND STOCKING WIG CAP : L/BRW (DZ/40DZ)),-3.00,-11.00,0.0%,3.67,-9.33,3.11,-1.67,15.18%
Q5001 (SILI BAND STOCKING WIG CAP : BK (DZ/40DZ)),236.00,"1,664.50",0.0%,7.05,761.66,3.23,902.84,54.24%
Q5002 (SILI BAND STOCKING WIG CAP : BRW (DZ/40DZ)),89.00,623.00,0.0%,7.00,283.76,3.19,339.24,54.45%
Q5003 (SILI BAND STOCKING WIG CAP : NTR (DZ/40DZ)),121.00,857.00,0.0%,7.08,382.37,3.16,474.63,55.38%
"Q5004 (SILI BAND WIG & WEAVING CAP, CLOSED TOP : BK (DZ/40DZ))",356.00,"3,054.00",0.0%,8.58,"1,185.86",3.33,"1,868.14",61.17%
"Q5005 (SILI BAND WIG & WEAVING CAP, CLOSED TOP : BRW (DZ/40DZ))",54.00,459.00,0.0%,8.50,178.56,3.31,280.44,61.1%
"Q5006 (SILI BAND WIG & WEAVING CAP, CLOSED TOP : NTR (DZ/40DZ))",87.00,743.00,0.0%,8.54,269.94,3.10,473.06,63.67%
Q501 (DLX CUSTOM WEAVING CAP : BLACK (DZ/36 DZ)),170.00,"3,120.00",0.0%,18.35,"1,315.06",7.74,"1,804.94",57.85%
Q5011 (MESH WIG CAP (DOME STYLE) : BK (DZ/48 DZ)),"3,357.00","45,846.00",0.0%,13.66,"18,284.11",5.45,"27,561.89",60.12%
Q5012 (SWISS LACE : BROWN (1DZ/36 DZ)),68.00,581.50,0.0%,8.55,173.46,2.55,408.04,70.17%
"Q5013 (U-PART WIG CAP : BLACK, CENTER (DZ/36 DZ))",43.00,975.00,0.0%,22.67,364.08,8.47,610.92,62.66%
"Q5014 (U-PART WIG CAP : BLACK, SIDE (DZ/36 DZ))",20.00,475.00,0.0%,23.75,170.01,8.50,304.99,64.21%
"Q5015 (U-PART WIG CAP (LACE) : BK, CENTER (DZ/36 DZ))",21.00,472.50,0.0%,22.50,213.99,10.19,258.51,54.71%
"Q5016 (U-PART WIG CAP (LACE) : BK, SIDE (DZ/36 DZ))",20.00,457.50,0.0%,22.88,198.04,9.90,259.46,56.71%
Q5017 (SPANDEX DOME CAP : BLACK (DZ/48 DZ)),"2,644.00","23,946.00",0.0%,9.06,"10,953.37",4.14,"12,992.63",54.26%
Q5018 (DLX STRETCH WEAVING CAP : BLACK (DZ/36 DZ)),175.00,"4,000.00",0.0%,22.86,"1,583.98",9.05,"2,416.02",60.4%
Q5019 (CROCHET WIG CAP : BK (DZ/48DZ)),285.00,"3,883.50",0.0%,13.63,"1,435.74",5.04,"2,447.76",63.03%
Q502 (DLX WEAVING NET (2 PC) : BLACK (DZ/36 DZ)),187.00,"1,604.50",0.0%,8.58,501.54,2.68,"1,102.96",68.74%
Q5020 (CROCHET WIG CAP : NTR (DZ/48DZ)),5.00,76.50,0.0%,15.30,0.00,0.00,76.50,100.0%
"Q5021 (MESH WIG CAP (DOME STYLE, XL) : BK (DZ/48 DZ))","1,023.00","14,007.00",0.0%,13.69,"5,610.31",5.48,"8,396.69",59.95%
Q5022 (SWISS LACE : BLACK (1DZ/36 DZ)),2.00,17.00,0.0%,8.50,4.79,2.40,12.21,71.82%
"Q5023 (CORNROW CAP, U-PART : BK (DZ/16DZ))",47.00,"1,716.00",0.0%,36.51,889.64,18.93,826.36,48.16%
"Q5024 (CORNROW CAP, STRAIGHT : BK (DZ/16DZ))",63.00,"2,304.00",0.0%,36.57,"1,197.88",19.01,"1,106.12",48.01%
"Q5025 (CORNROW CAP, BRAIDED : BK (DZ/16DZ))",25.00,912.00,0.0%,36.48,477.18,19.09,434.82,47.68%
Q5027 (SPANDEX DOME CAP (XL) : BLACK (DZ/48 DZ)),469.00,"4,287.00",0.0%,9.14,"1,978.35",4.22,"2,308.65",53.85%
"Q5029 (CROCHET WIG CAP, XL : BK (DZ/48DZ))",104.00,"1,413.00",0.0%,13.59,548.65,5.28,864.35,61.17%
Q503 (WEAVING CAP (OPEN TOP) : BLACK (DZ/48 DZ)),154.00,853.00,0.0%,5.54,381.37,2.48,471.63,55.29%
"Q5030 (CROCHET WIG CAP, XL : NTR (DZ/48DZ))",0.00,0.00,0.0%,0.00,0.00,0.00,0.00,0.0%
Q5031 (MESH WIG CAP (DOME STYLE) : NTR (DZ/48 DZ)),73.00,"1,008.00",0.0%,13.81,404.09,5.54,603.91,59.91%
Q5032 (MICRO CROCHET WIG CAP : BK (DZ/48DZ)),97.00,"1,327.50",0.0%,13.69,481.83,4.97,845.67,63.7%
Q5033 (MICRO CROCHET WIG CAP : NTR (DZ/48DZ)),5.00,67.50,0.0%,13.50,20.20,4.04,47.30,70.07%
"Q5034 (MICRO CROCHET WIG CAP, XL : BK (DZ/48DZ))",0.00,0.00,0.0%,0.00,0.00,0.00,0.00,0.0%
"Q5035 (MICRO CROCHET WIG CAP, XL : NATURAL (DZ/48DZ))",24.00,324.00,0.0%,13.50,115.20,4.80,208.80,64.44%
Q5037 (SPANDEX DOME CAP : NTR (DZ/48 DZ)),52.00,489.00,0.0%,9.40,218.70,4.21,270.30,55.28%
Q504 (WEAVING CAP (CLOSED TOP) : BLACK (DZ/48 DZ)),797.00,"4,425.50",0.0%,5.55,"1,992.22",2.50,"2,433.28",54.98%
Q5040 (WEAVING CAP 100PCS (CLOSED TOP) (PK/24PK)),25.00,962.00,0.0%,38.48,398.04,15.92,563.96,58.62%
"Q5041 (PONY TAIL NET, 5""X5"" : BK (DZ/48DZ))",7.00,59.50,0.0%,8.50,16.32,2.33,43.18,72.57%
"Q5042 (PONY TAIL NET, 9""X9"" : BK (DZ/48DZ))",3.00,29.00,0.0%,9.67,6.09,2.03,22.91,79.0%
"Q5043 (SWISS LACE, 4""X4"" : BRW (DZ/36DZ))",9.00,56.50,0.0%,6.28,16.56,1.84,39.94,70.69%
"Q5044 (SWISS LACE, 13""X4"" : BRW (DZ/36DZ))",6.00,36.00,0.0%,6.00,11.69,1.95,24.31,67.53%
"Q5045 (LACE TAPE "" A"" TYPE, 50PCS (DZ/24DZ))",3.00,66.00,0.0%,22.00,18.00,6.00,48.00,72.73%
"Q5046 (LACE TAPE "" B"" TYPE, 50PCS (DZ/24DZ))",0.00,0.00,0.0%,0.00,0.00,0.00,0.00,0.0%
"Q5047 (LACE TAPE ROLL TYPE, 1/2"" x 5 YARD  (DZ/36DZ))",2.00,36.00,0.0%,18.00,7.68,3.84,28.32,78.67%
"Q5048 (SUPER HOLD LACE TAPE : A TYPE MINI, 25PCS (DZ/36DZ))",39.00,648.00,0.0%,16.62,273.00,7.00,375.00,57.87%
"Q5049 (SUPER HOLD LACE TAPE : 1"" X 3YD, ROLL (DZ/36DZ))",-21.00,-279.00,0.0%,13.29,-117.60,5.60,-161.40,57.85%
Q505 (INVISIABLE NET (3 PC) : BLACK (DZ/60 DZ)),216.00,766.00,0.0%,3.55,344.85,1.60,421.15,54.98%
"Q5051 (ELASTIC WIG BAND, 1-1/8"" x 1YD : BK (DZ/36DZ))",485.00,"2,202.00",0.0%,4.54,970.12,2.00,"1,231.88",55.94%
"Q5052 (ELASTIC WIG BAND, 1-3/4"" x 1YD : BK (DZ/36DZ))",313.00,"1,737.50",0.0%,5.55,751.20,2.40,986.30,56.77%
"Q5053 (ELASTIC WIG BAND, 1-1/8"" x 1YD : BEIGE(NTR) (DZ/36DZ))",82.00,382.50,0.0%,4.66,166.32,2.03,216.18,56.52%
"Q5054 (ELASTIC WIG BAND, 1-3/4"" x 1YD : BEIGE(NTR) (DZ/36DZ))",69.00,391.50,0.0%,5.67,165.60,2.40,225.90,57.7%
"Q5055 (ELASTIC WIG BAND, 1-1/8"" x 1YD, W/ SILICONE, ONE SIDE : BK (DZ/36DZ))",196.00,"1,286.50",0.0%,6.56,520.07,2.65,766.43,59.58%
"Q5056 (ELASTIC WIG BAND, 1-1/8"" x 1YD, W/ SILICONE, DOUBLE SIDE : BK (DZ/36DZ))",121.00,"1,042.50",0.0%,8.62,450.45,3.72,592.05,56.79%
"Q5057 (ELASTIC VELVET WIG BAND, 2"" X 11 "" : BK (DZ/36DZ))",122.00,800.50,0.0%,6.56,359.90,2.95,440.60,55.04%
"Q5058 (VELVET WIG GRIP, 2"" X 11"" : BK (DZ/36DZ))",271.00,"2,469.00",0.0%,9.11,"1,246.89",4.60,"1,222.11",49.5%
"Q5059 (VELVET WIG GRIP, 2"" X 11"" : NTR (DZ/36DZ))",106.00,960.00,0.0%,9.06,403.85,3.81,556.15,57.93%
Q506 (TRIANGLE NET : BLACK (DZ/48 DZ)),0.00,0.00,0.0%,0.00,0.00,0.00,0.00,0.0%
"Q5061 (STRETCH MESH WIG CAP, MAGIC : BK (DZ/36DZ))",58.00,"1,062.00",0.0%,18.31,543.15,9.36,518.85,48.86%
"Q5062 (STRETCH MESH WIG CAP, L : BK (DZ/36DZ))",7.00,144.00,0.0%,20.57,65.57,9.37,78.43,54.47%
"Q5063 (STRETCH MESH WIG CAP, LACE TOP : BK (DZ/36DZ))",79.00,"1,428.00",0.0%,18.08,744.71,9.43,683.29,47.85%
"Q5064 (STRETCH MESH WIG CAP, FRNT LACE : BK (DZ/36DZ))",70.00,"1,272.00",0.0%,18.17,590.92,8.44,681.08,53.54%
Q5065 (CAPLESS WIG CAP : BK (DZ/36DZ)),44.00,"1,056.00",0.0%,24.00,376.55,8.56,679.45,64.34%
"Q5066 (CAPLESS WIG CAP, L : BK (DZ/36DZ))",24.00,576.00,0.0%,24.00,251.57,10.48,324.43,56.33%
"Q5067 (CAPLESS WIG CAP, FRNT LACE : BK (DZ/36DZ))",11.00,276.00,0.0%,25.09,118.15,10.74,157.85,57.19%
"Q5068 (SUPER HOLD LACE TAPE : MESH, 10CM x10PCS (DZ/36DZ))",3.00,82.50,0.0%,27.50,27.30,9.10,55.20,66.91%
"Q5069 (SUPER HOLD LACE TAPE : MESH, 30CM X 50PCS (PK/48PK))",-4.00,-82.50,0.0%,20.63,-33.60,8.40,-48.90,59.27%
Q507 (WAVE NET (2 PCS) : BLACK (DZ/60 DZ)),164.00,739.50,0.0%,4.51,305.33,1.86,434.17,58.71%
Q5070 (PRF STOCKING WIG CAP : BLACK (DZ/40DZ)),154.00,972.00,0.0%,6.31,361.90,2.35,610.10,62.77%
Q5071 (PRF STOCKING WIG CAP : D/BRW (DZ/40DZ)),-14.00,-70.00,0.0%,5.00,-32.90,2.35,-37.10,53.0%
Q5072 (PRF STOCKING WIG CAP : BRW (DZ/40DZ)),-14.00,-64.00,0.0%,4.57,-32.55,2.33,-31.45,49.14%
Q5073 (PRF STOCKING WIG CAP : L/BRW (DZ/40DZ)),24.00,164.00,0.0%,6.83,56.40,2.35,107.60,65.61%
Q5074 (PRF STOCKING WIG CAP : AUBURN (DZ/40DZ)),78.00,490.00,0.0%,6.28,181.91,2.33,308.09,62.88%
Q5075 (PRF STOCKING WIG CAP : BEIGE / NTR (DZ/40DZ)),71.00,464.00,0.0%,6.54,165.50,2.33,298.50,64.33%
Q5076 (PRF STOCKING WIG CAP : CREAM/ BLD (DZ/40DZ)),-42.00,-246.00,0.0%,5.86,-98.70,2.35,-147.30,59.88%
Q508 (WAVE NET (24 PCS) : BLACK (PK/50 PACK)),115.00,517.50,0.0%,4.50,180.17,1.57,337.33,65.19%
Q5081 (COOL MESH WIG CAP (DOME STYLE) : BK (DZ/36 DZ)),64.00,764.00,0.0%,11.94,277.76,4.34,486.24,63.64%
"Q5084 (ELASTIC WIG BAND, 5/8"" x 1YD : BK (DZ/36DZ))",-1.00,-1.50,0.0%,1.50,-1.80,1.80,0.30,-20.0%
"Q5085 (ELASTIC WIG BAND, 5/8"" x 1YD : BEIGE (DZ/36DZ))",41.00,186.00,0.0%,4.54,73.80,1.80,112.20,60.32%
"Q5088 (ELASTIC WIG BAND, 1-1/8"" X 5YD ROLL : BK (DZ/24DZ))",0.00,6.00,0.0%,,0.00,0.00,6.00,100.0%
"Q5089 (ELASTIC WIG BAND, 1-1/8"" X 5YD ROLL : BEIGE (DZ/24DZ))",0.00,6.00,0.0%,,0.00,0.00,6.00,100.0%
Q509 (INTER-LOCK SHAMPOO CAP : BLACK (DZ/36 DZ)),16.00,146.00,0.0%,9.13,54.55,3.41,91.45,62.64%
"Q5090 (ELASTIC WIG BAND, 1-1/8"" x 1YD, W/ SILI DOT : BK (DZ/36DZ))",-1.00,-3.00,0.0%,3.00,-4.20,4.20,1.20,-40.0%
"Q5094 (WEFT LACE, 5/8"" x 1YD : BK (DZ/36DZ))",-3.00,-12.00,0.0%,4.00,-6.60,2.20,-5.40,45.0%
"Q5095 (WEFT LACE, 5/8"" x 1YD : BEIGE (DZ/36DZ))",-2.00,-9.00,0.0%,4.50,-4.40,2.20,-4.60,51.11%
"Q5096 (WEFT LACE, 5/8"" X 5YD ROLL : BK (DZ/36DZ))",7.00,138.00,0.0%,19.71,52.50,7.50,85.50,61.96%
"Q5097 (WEFT LACE, 5/8"" X 5YD ROLL : BEIGE (DZ/36DZ))",1.00,24.00,0.0%,24.00,7.50,7.50,16.50,68.75%
"Q5098 (SILICONE DOT WIG GRIP, 1-3/4"" X 17-3/4"" : BK (DZ/36DZ))",0.00,6.00,0.0%,,0.00,0.00,6.00,100.0%
"Q5099 (SILICONE DOT WIG GRIP, 1-3/4"" X 17-3/4"" : BEIGE (DZ/36DZ))",0.00,33.00,0.0%,,0.00,0.00,33.00,100.0%
Q510 (THICK HAIR NET : ASSORT (DZ/40 DZ)),49.00,675.00,0.0%,13.78,328.30,6.70,346.70,51.36%
Q511 (THICK HAIR NET : BLACK (DZ/40 DZ)),130.00,"1,702.00",0.0%,13.09,870.81,6.70,831.19,48.84%
Q5112 (MESH WIG CAP (DOME STYLE) : BRW (DZ/48 DZ)),221.00,"2,997.00",0.0%,13.56,"1,248.65",5.65,"1,748.35",58.34%
Q5113 (MESH WIG CAP (DOME STYLE) : AUBURN (DZ/48 DZ)),195.00,"2,655.00",0.0%,13.62,"1,025.49",5.26,"1,629.51",61.38%
Q5118 (SPANDEX DOME CAP : BRW (DZ/48 DZ)),209.00,"1,893.00",0.0%,9.06,884.50,4.23,"1,008.50",53.28%
Q5119 (SPANDEX DOME CAP : AUBURN (DZ/48 DZ)),111.00,"1,017.00",0.0%,9.16,467.51,4.21,549.49,54.03%
Q512 (THICK HAIR NET : WHITE (DZ/40 DZ)),2.00,36.00,0.0%,18.00,13.20,6.60,22.80,63.33%
"Q5122 (MESH WIG CAP (DOME STYLE, XL) : BRW (DZ/48 DZ))",57.00,783.00,0.0%,13.74,322.05,5.65,460.95,58.87%
"Q5123 (MESH WIG CAP (DOME STYLE, XL) : AUBURN (DZ/48 DZ))",0.00,0.00,0.0%,0.00,0.00,0.00,0.00,0.0%
"Q5124 (MESH WIG CAP (DOME STYLE, XL) : BEIGE(NTR) (DZ/48 DZ))",55.00,760.50,0.0%,13.83,308.14,5.60,452.36,59.48%
"Q5128 (SPANDEX DOME CAP, XL : BRW (DZ/48 DZ))",2.00,24.00,0.0%,12.00,8.48,4.24,15.52,64.67%
"Q5129 (SPANDEX DOME CAP, XL : AUBURN (DZ/48 DZ))",63.00,573.00,0.0%,9.10,267.36,4.24,305.64,53.34%
Q513 (THICK HAIR NET : RED (DZ/40 DZ)),2.00,36.00,0.0%,18.00,13.40,6.70,22.60,62.78%
"Q5130 (SPANDEX DOME CAP, XL : BEIGE(NTR) (DZ/48 DZ))",49.00,444.00,0.0%,9.06,207.92,4.24,236.08,53.17%
Q514 (THICK HAIR NET : NAVY (DZ/40 DZ)),21.00,248.00,0.0%,11.81,135.49,6.45,112.51,45.37%
"Q5148 (STRETCH WEAVING NET (48.3cmX3m), BULK : BK (PK/24PK))",4.00,31.00,0.0%,7.75,8.00,2.00,23.00,74.19%
Q5149 (BULK WEAVING NET (48.3cmX5m) : BK (PK/24PK)),4.00,21.00,0.0%,5.25,6.56,1.64,14.44,68.76%
Q515 (THICK HAIR NET : ROYAL (DZ/40 DZ)),1.00,18.00,0.0%,18.00,6.70,6.70,11.30,62.78%
Q516 (THICK HAIR NET : SKY BLUE (DZ/40 DZ)),0.00,0.00,0.0%,0.00,0.00,0.00,0.00,0.0%
Q517 (THICK HAIR NET : GRAY (DZ/40 DZ)),1.00,18.00,0.0%,18.00,6.70,6.70,11.30,62.78%
Q518 (THICK HAIR NET : BROWN (DZ/40 DZ)),2.00,36.00,0.0%,18.00,13.40,6.70,22.60,62.78%
Q519 (THICK HAIR NET : YELLOW (DZ/40 DZ)),0.00,0.00,0.0%,0.00,0.00,0.00,0.00,0.0%
Q520 (THICK HAIR NET : PINK (DZ/40 DZ)),0.00,0.00,0.0%,0.00,0.00,0.00,0.00,0.0%
Q521 (THICK HAIR NET : BURGUNDY (DZ/40 DZ)),1.00,13.50,0.0%,13.50,6.70,6.70,6.80,50.37%
Q522 (THICK HAIR NET : PURPLE (DZ/40 DZ)),1.00,18.00,0.0%,18.00,6.70,6.70,11.30,62.78%
Q523 (THICK HAIR NET : AFRO (DZ/40 DZ)),8.00,102.50,0.0%,12.81,53.60,6.70,48.90,47.71%
Q524 (THICK HAIR NET : HOT PINK (DZ/40 DZ)),0.00,0.00,0.0%,0.00,0.00,0.00,0.00,0.0%
Q527 (WAVE NET (2 PCS) : BROWN (DZ/60 DZ)),1.00,6.00,0.0%,6.00,1.90,1.90,4.10,68.33%
Q528 (WAVE NET (24 PCS) : BROWN (PK/50 PK)),2.00,12.00,0.0%,6.00,3.00,1.50,9.00,75.0%
Q529 (BULK WEAVING NET (48.3cmX10m) : BLACK (PK/24PK)),6.00,39.00,0.0%,6.50,12.40,2.07,26.60,68.21%
Q530 (TURBAN : ASSORT (DZ/24 DZ)),39.00,513.00,0.0%,13.15,215.41,5.52,297.59,58.01%
Q531 (TURBAN : BLACK (DZ/24 DZ)),100.00,"1,276.50",0.0%,12.77,550.33,5.50,726.17,56.89%
Q532 (SATIN TURBAN : ASSORT (DZ/48 DZ)),6.00,48.00,0.0%,8.00,14.19,2.37,33.81,70.44%
Q533 (SATIN TURBAN : BLACK (DZ/48 DZ)),8.00,64.00,0.0%,8.00,18.80,2.35,45.20,70.63%
Q534 (TURBAN : BLACK & WHITE (DZ/24 DZ)),3.00,45.00,0.0%,15.00,16.56,5.52,28.44,63.2%
Q535 (TURBAN : WHITE (DZ/24 DZ)),0.00,0.00,0.0%,0.00,0.00,0.00,0.00,0.0%
Q536 (T-TOWEL : ASST (DZ/16DZ)),1.00,22.50,0.0%,22.50,0.00,0.00,22.50,100.0%
Q537 (T-TOWEL : BK (DZ/16DZ)),5.00,163.50,0.0%,32.70,26.23,5.25,137.27,83.96%
Q540 (KID BONNET : ASSORT (DZ/48 DZ)),106.00,797.50,0.0%,7.52,291.50,2.75,506.00,63.45%
Q541 (KID BONNET : BLACK (DZ/48 DZ)),142.00,"1,067.50",0.0%,7.52,389.55,2.74,677.95,63.51%
Q542 (KID WRAP : ASSORT (DZ/24DZ)),11.00,90.00,0.0%,8.18,27.85,2.53,62.15,69.06%
Q543 (KID WRAP : BLACK (DZ/48 DZ)),9.00,72.50,0.0%,8.06,23.31,2.59,49.19,67.85%
Q544 (KID MESH-WRAP : ASSORT (DZ/48 DZ)),19.00,112.50,0.0%,5.92,41.19,2.17,71.31,63.39%
Q545 (KID MESH-WRAP : BLACK (DZ/48 DZ)),31.00,182.50,0.0%,5.89,77.10,2.49,105.40,57.75%
Q546 (KID SHOWER-CAP : ASSORT (DZ/48 DZ)),77.00,354.00,0.0%,4.60,154.00,2.00,200.00,56.5%
Q547 (KID SHOWER-CAP : BLACK (DZ/48 DZ)),27.00,127.50,0.0%,4.72,54.00,2.00,73.50,57.65%
Q548 (STRETCH NET (2PCS) : BLACK (DZ/36 DZ)),20.00,306.00,0.0%,15.30,100.33,5.02,205.67,67.21%
Q551 (DLX CUSTOM WEAVING CAP (XL) : BK (DZ/36 DZ)),95.00,"1,734.00",0.0%,18.25,724.21,7.62,"1,009.79",58.24%
Q552 (DELUX WEAVING NET (2 PC) : BROWN (DZ/36 DZ)),13.00,113.00,0.0%,8.69,31.20,2.40,81.80,72.39%
Q553 (DELUX WEAVING NET (2 PC) : BLOND (DZ/36 DZ)),1.00,8.50,0.0%,8.50,2.64,2.64,5.86,68.94%
Q554 (WEAVING CAP (OPEN TOP) : BROWN (DZ/48 DZ)),0.00,0.00,0.0%,0.00,0.00,0.00,0.00,0.0%
Q555 (WEAVING CAP (OPEN TOP) : NATURAL (DZ/48 DZ)),2.00,15.00,0.0%,7.50,5.16,2.58,9.84,65.6%
Q556 (WEAVING CAP (CLOSED TOP) : BROWN (DZ/48 DZ)),68.00,392.00,0.0%,5.76,171.10,2.52,220.90,56.35%
Q557 (WEAVING CAP (CLOSED TOP) : NATURL (DZ/48 DZ)),125.00,697.50,0.0%,5.58,317.63,2.54,379.87,54.46%
Q558 (DELUX WEAVING NET (2 PC) : FINE (DZ/36 DZ)),7.00,59.50,0.0%,8.50,17.03,2.43,42.47,71.38%
Q559 (DELUX WEAVING NET (2 PC) : WIDE (DZ/36 DZ)),18.00,153.00,0.0%,8.50,45.12,2.51,107.88,70.51%
Q560 (BABY KUFI CAP : ASSORT (DZ/40 DZ)),0.00,0.00,0.0%,0.00,0.00,0.00,0.00,0.0%
Q568 (BABY KUFI CAP : CREAM (DZ/40 DZ)),0.00,0.00,0.0%,0.00,0.00,0.00,0.00,0.0%
Q582 (BABY KUFI CAP : LIGHT GRAY (DZ/40 DZ)),0.00,0.00,0.0%,0.00,0.00,0.00,0.00,0.0%
Q615 (KID KUFI CAP : LAVENDER (DZ/40 DZ)),0.00,0.00,0.0%,0.00,0.00,0.00,0.00,0.0%
Q616 (KID KUFI CAP : CREAM (DZ/40 DZ)),0.00,0.00,0.0%,0.00,0.00,0.00,0.00,0.0%
Q629 (JUMBO HAIR NET : AFRO (DZ/24 DZ)),4.00,90.00,0.0%,22.50,44.00,11.00,46.00,51.11%
Q630 (JUMBO HAIR NET : ASSORT (DZ/24 DZ)),32.00,636.00,0.0%,19.88,334.95,10.47,301.05,47.34%
Q631 (JUMBO HAIR NET : BLACK (DZ/24 DZ)),32.00,636.00,0.0%,19.88,352.00,11.00,284.00,44.65%
Q712 (DREADLOCKS TUBE : ASSORT (DZ/24 DZ)),4.00,48.00,0.0%,12.00,25.40,6.35,22.60,47.08%
Q713 (DREADLOCKS TUBE : BLACK (DZ/24 DZ)),33.00,396.00,0.0%,12.00,209.52,6.35,186.48,47.09%
Q742 (SUSPENDER : BLACK (DZ/20 DZ)),0.00,0.00,0.0%,0.00,0.00,0.00,0.00,0.0%
Q800 (OGN STOCKING WIG CAP (2PCS) : BLACK (DZ/40DZ)),391.00,"1,782.00",0.0%,4.56,773.64,1.98,"1,008.36",56.59%
Q8000 (PRM SJ SILKY & CONDITIONING SLEEP CAP : ASST (DZ/12DZ)),43.00,"1,080.00",0.0%,25.12,554.15,12.89,525.85,48.69%
Q8001 (PRM SJ SILKY & CONDITIONING SLEEP CAP : BK (DZ/12DZ)),100.00,"2,448.00",0.0%,24.48,"1,290.00",12.90,"1,158.00",47.3%
Q8002 (PRM SILKY PADDED CONDITIONING BRAID CAP : ASST (DZ/24DZ)),150.00,"3,678.00",0.0%,24.52,"2,047.50",13.65,"1,630.50",44.33%
Q8003 (PRM SILKY PADDED CONDITIONING BRAID CAP : BK (DZ/12DZ)),164.00,"3,978.00",0.0%,24.26,"2,238.60",13.65,"1,739.40",43.73%
Q801 (OGN STOCKING WIG CAP (5PCS) : BLACK (DZ/40DZ)),178.00,"1,551.50",0.0%,8.72,647.91,3.64,903.59,58.24%
Q802 (OGN STOCKING WIG CAP (2PCS) : BROWN (DZ/40DZ)),142.00,649.50,0.0%,4.57,282.37,1.99,367.13,56.53%
Q8020 (PRM SILKY & SOFT TIE BONNET : ASST (DZ/24DZ)),32.00,504.00,0.0%,15.75,280.96,8.78,223.04,44.25%
Q8021 (PRM SILKY & SOFT TIE BONNET : BK (DZ/24DZ)),43.00,681.00,0.0%,15.84,339.93,7.91,341.07,50.08%
Q803 (OGN STOCKING WIG CAP (2PCS) : NATURAL (DZ/40DZ)),341.00,"1,557.00",0.0%,4.57,676.40,1.98,880.60,56.56%
Q804 (OGN STOCKING WIG CAP (DLX) : BLACK (DZ/40DZ)),214.00,984.00,0.0%,4.60,375.56,1.75,608.44,61.83%
Q805 (OGN STOCKING WIG CAP (DLX) : BROWN (DZ/40DZ)),11.00,63.00,0.0%,5.73,19.58,1.78,43.42,68.92%
Q806 (OGN STOCKING WIG CAP (DLX) : NATURAL (DZ/40DZ)),71.00,327.00,0.0%,4.61,125.46,1.77,201.54,61.63%
Q807 (OGN STOCKING WIG CAP (DLX) : BURGUNDY (DZ/40DZ)),1.00,4.50,0.0%,4.50,1.78,1.78,2.72,60.44%
Q808 (OGN BRAID CYLINDER : BLACK (DZ/40DZ)),31.00,234.00,0.0%,7.55,76.88,2.48,157.12,67.15%
Q8081 (PRM STOCKING BRAID CYLINDER : BK (DZ/40DZ)),41.00,369.00,0.0%,9.00,121.24,2.96,247.76,67.14%
Q809 (OGN STOCKING WIG CAP (2PCS) : L/BRW (DZ/40DZ)),35.00,159.00,0.0%,4.54,69.25,1.98,89.75,56.45%
Q810 (OGN DOUBLE MESH WRAP : ASST. (DZ/24DZ)),49.00,632.50,0.0%,12.91,180.04,3.67,452.46,71.54%
Q811 (OGN DOUBLE MESH WRAP : BLACK (DZ/24DZ)),108.00,"1,366.00",0.0%,12.65,401.80,3.72,964.20,70.59%
Q812 (OGN FOAM MESH WRAP : ASST. (DZ/24DZ)),38.00,499.00,0.0%,13.13,120.18,3.16,378.82,75.92%
Q813 (OGN FOAM MESH WRAP : BLACK (DZ/24DZ)),102.00,"1,303.00",0.0%,12.77,335.86,3.29,967.14,74.22%
Q814 (OGN OPEN WRAP : ASST. (DZ/24DZ)),29.00,196.50,0.0%,6.78,81.15,2.80,115.35,58.7%
Q815 (OGN OPEN WRAP : BLACK (DZ/24DZ)),47.00,326.00,0.0%,6.94,120.18,2.56,205.82,63.14%
Q816 (OGN FOAM WRAP : ASST. (DZ/24DZ)),6.00,79.00,0.0%,13.17,21.78,3.63,57.22,72.43%
Q817 (OGN FOAM WRAP : BLACK (DZ/24DZ)),12.00,154.00,0.0%,12.83,44.71,3.73,109.29,70.97%
Q818 (OGN EXTRA FIRM MESH WRAP : ASST. (DZ/24DZ)),0.00,0.00,0.0%,0.00,0.00,0.00,0.00,0.0%
Q819 (OGN EXTRA FIRM MESH WRAP : BLACK (DZ/24DZ)),37.00,354.00,0.0%,9.57,104.43,2.82,249.57,70.5%
Q820 (OGN SLEEP CAP : ASST. (DZ/24DZ)),246.00,"3,123.00",0.0%,12.70,964.45,3.92,"2,158.55",69.12%
Q821 (OGN SLEEP CAP : BLACK (DZ/24DZ)),481.00,"6,064.50",0.0%,12.61,"1,911.79",3.97,"4,152.71",68.48%
Q822 (OGN SLEEP CAP (XL) : ASST. (DZ/24DZ)),187.00,"2,569.50",0.0%,13.74,797.78,4.27,"1,771.72",68.95%
Q823 (OGN SLEEP CAP (XL) : BLACK (DZ/24DZ)),263.00,"3,622.50",0.0%,13.77,"1,144.37",4.35,"2,478.13",68.41%
Q824 (OGN SLEEP CAP (DS) : ASST. (DZ/24DZ)),26.00,373.50,0.0%,14.37,123.76,4.76,249.74,66.87%
Q825 (OGN SLEEP CAP (DS) : BLACK (DZ/24DZ)),82.00,"1,116.00",0.0%,13.61,391.05,4.77,724.95,64.96%
Q826 (OGN BONNET : ASST. (DZ/24DZ)),215.00,"2,727.50",0.0%,12.69,854.03,3.97,"1,873.47",68.69%
Q827 (OGN BONNET : BLACK (DZ/24DZ)),424.00,"5,388.00",0.0%,12.71,"1,685.72",3.98,"3,702.28",68.71%
Q828 (OGN BONNET (XL) : ASST. (DZ/24DZ)),115.00,"1,588.50",0.0%,13.81,487.81,4.24,"1,100.69",69.29%
Q829 (OGN BONNET (XL) : BLACK (DZ/24DZ)),237.00,"3,276.00",0.0%,13.82,"1,010.65",4.26,"2,265.35",69.15%
Q830 (OGN OVER WRAP ; ASST. (DZ/24DZ)),70.00,875.00,0.0%,12.50,247.87,3.54,627.13,71.67%
Q831 (OGN OVER WRAP ; BLACK (DZ/24DZ)),88.00,"1,104.00",0.0%,12.55,306.40,3.48,797.60,72.25%
Q832 (OGN SCARF : ASST. (DZ/24DZ)),36.00,505.50,0.0%,14.04,183.10,5.09,322.40,63.78%
Q833 (OGN SCARF : BLACK (DZ/24DZ)),75.00,"1,017.00",0.0%,13.56,391.09,5.21,625.91,61.55%
Q834 (OGN BAGGING CAP : ASST. (DZ/24DZ)),69.00,"1,183.50",0.0%,17.15,632.73,9.17,550.77,46.54%
Q835 (OGN BAGGING CAP : BLACK (DZ/24DZ)),125.00,"2,137.50",0.0%,17.10,"1,146.25",9.17,991.25,46.37%
Q836 (OGN BRAID BONNET : ASST. (DZ/24DZ)),107.00,"1,507.50",0.0%,14.09,545.73,5.10,961.77,63.8%
Q837 (OGN BRAID BONNET : BLACK (DZ/24DZ)),206.00,"2,848.50",0.0%,13.83,"1,050.68",5.10,"1,797.82",63.12%
Q838 (OGN FLIP OVER HEADWRAP : ASST. (DZ/24DZ)),9.00,135.00,0.0%,15.00,34.29,3.81,100.71,74.6%
Q839 (OGN FLIP OVER HEADWRAP : BLACK (DZ/24DZ)),12.00,189.00,0.0%,15.75,45.31,3.78,143.69,76.03%
Q840 (OGN DLX CUSTOM WEAVING CAP : BLK (DZ/24DZ)),22.00,468.00,0.0%,21.27,169.78,7.72,298.22,63.72%
Q841 (OGN WEAVING NET : BLACK (DZ/24DZ)),61.00,778.50,0.0%,12.76,166.58,2.73,611.92,78.6%
Q8411 (OGN WEAVING NET : BROWN (DZ/24DZ)),4.00,50.00,0.0%,12.50,7.76,1.94,42.24,84.48%
Q8412 (OGN WEAVING NET : NATURAL (DZ/24DZ)),1.00,16.50,0.0%,16.50,1.03,1.03,15.47,93.76%
Q8413 (OGN WEAVING NET(2PCS) : FINE (DZ/24DZ)),0.00,0.00,0.0%,0.00,0.00,0.00,0.00,0.0%
Q8414 (OGN WEAVING NET(2PCS) : WIDE (DZ/24DZ)),4.00,54.00,0.0%,13.50,10.13,2.53,43.87,81.24%
Q842 (OGN WIG LINER (OPEN TOP) : BLACK (DZ/40DZ)),54.00,361.00,0.0%,6.69,161.04,2.98,199.96,55.39%
Q8421 (OGN WIG LINER (OPEN TOP) : BROWN (DZ/40DZ)),0.00,0.00,0.0%,0.00,0.00,0.00,0.00,0.0%
Q8422 (OGN WIG LINER (OPEN TOP) : NATURAL (DZ/40DZ)),0.00,0.00,0.0%,0.00,0.00,0.00,0.00,0.0%
Q843 (OGN WEAVING CAP (CLOSE TOP) : BLK (DZ/40DZ)),154.00,"1,025.00",0.0%,6.66,457.40,2.97,567.60,55.38%
Q8431 (OGN WEAVING CAP (CLOSE TOP) : BRW (DZ/40DZ)),16.00,108.00,0.0%,6.75,47.87,2.99,60.13,55.68%
Q8432 (OGN WEAVING CAP (CLOSE TOP) : NTR (DZ/40DZ)),0.00,0.00,0.0%,0.00,0.00,0.00,0.00,0.0%
Q844 (OGN SPANDEX CAP : ASSORT (DZ/24DZ)),9.00,132.50,0.0%,14.72,28.80,3.20,103.70,78.26%
Q845 (OGN SPANDEX CAP : BLACK (DZ/24DZ)),67.00,857.50,0.0%,12.80,214.40,3.20,643.10,75.0%
Q846 (OGN SPANDEX WRAP : ASSORT (DZ/24DZ)),8.00,100.00,0.0%,12.50,27.60,3.45,72.40,72.4%
Q847 (OGN SPANDEX WRAP : BLACK (DZ/24DZ)),30.00,383.00,0.0%,12.77,103.50,3.45,279.50,72.98%
Q848 (OGN STRETCH NET(2PCS) : BLACK (DZ/24DZ)),29.00,453.00,0.0%,15.62,146.45,5.05,306.55,67.67%
Q8481 (OGN MESH TUBE BONNET : BK (DZ/24DZ)),52.00,942.00,0.0%,18.12,443.14,8.52,498.86,52.96%
Q849 (OGN PATTERNED SLEEP CAP :  ASSORT (DZ/24DZ)),271.00,"3,730.50",0.0%,13.77,"1,330.90",4.91,"2,399.60",64.32%
Q8491 (OGN PATTERNED MESH WRAP : ASSORT (DZ/24DZ)),141.00,"1,790.50",0.0%,12.70,558.62,3.96,"1,231.88",68.8%
Q8492 (OGN PATTERNED MESH SCARF : ASSORT (DZ/24DZ)),46.00,630.00,0.0%,13.70,255.71,5.56,374.29,59.41%
Q8493 (OGN PATTERNED BRAID BONNET  : ASSORT (DZ/24DZ)),114.00,"1,566.00",0.0%,13.74,710.22,6.23,855.78,54.65%
Q850 (OGN KID SLEEP CAP : ASSORT (DZ/24DZ)),81.00,952.50,0.0%,11.76,282.01,3.48,670.49,70.39%
Q851 (OGN KID SLEEP CAP : BLACK (DZ/24DZ)),84.00,"1,004.50",0.0%,11.96,292.04,3.48,712.46,70.93%
Q852 (OGN KID BONNET : ASSORT (DZ/24DZ)),123.00,"1,439.00",0.0%,11.70,414.51,3.37,"1,024.49",71.2%
Q853 (OGN KID BONNET : BLACK (DZ/24DZ)),110.00,"1,303.50",0.0%,11.85,370.69,3.37,932.81,71.56%
Q854 (OGN KID DOUBLE MESH WRAP : ASSORT (DZ/24DZ)),7.00,84.00,0.0%,12.00,24.64,3.52,59.36,70.67%
Q855 (OGN KID DOUBLE MESH WRAP : BLACK (DZ/24DZ)),9.00,107.00,0.0%,11.89,31.88,3.54,75.12,70.21%
Q856 (OGN KID FOAM MESH WRAP : ASSORT (DZ/24DZ)),12.00,141.50,0.0%,11.79,0.00,0.00,141.50,100.0%
Q857 (OGN KID FOAM MESH WRAP : BLACK (DZ/24DZ)),17.00,209.50,0.0%,12.32,55.54,3.27,153.96,73.49%
Q858 (OGN KID FIRM MESH WRAP : ASSORT (DZ/24DZ)),5.00,42.50,0.0%,8.50,16.40,3.28,26.10,61.41%
Q859 (OGN KID FIRM MESH WRAP : BLACK (DZ/24DZ)),7.00,64.50,0.0%,9.21,19.04,2.72,45.46,70.48%
Q865 (OGN PADDED BONNET : ASST (DZ/12DZ)),68.00,"1,242.00",0.0%,18.26,557.60,8.20,684.40,55.11%
Q866 (OGN PADDED BONNET : BK (DZ/12DZ)),93.00,"1,686.00",0.0%,18.13,762.10,8.19,923.90,54.8%
Q867 (OGN SHOWER & CONDI CAP (XL) : ASSORT (DZ/12DZ)),46.00,774.00,0.0%,16.83,245.82,5.34,528.18,68.24%
Q868 (OGN SHOWER & CONDI CAP (XL) : BLACK (DZ/24DZ)),87.00,"1,488.00",0.0%,17.10,468.09,5.38,"1,019.91",68.54%
Q869 (BERET : L. ASSORT (DZ/20DZ)),0.00,0.00,0.0%,0.00,0.00,0.00,0.00,0.0%
Q870 (BERET :  ASSORT (DZ/20DZ)),32.00,650.00,0.0%,20.31,336.00,10.50,314.00,48.31%
Q871 (BERET (SPRING&SUMMER) : BLACK (DZ/20DZ)),86.00,"1,810.00",0.0%,21.05,903.00,10.50,907.00,50.11%
Q872 (BERET (SPRING&SUMMER) : WHITE (DZ/20DZ)),0.00,0.00,0.0%,0.00,0.00,0.00,0.00,0.0%
Q873 (BERET (SPRING&SUMMER) : L.GRAY (DZ/20DZ)),2.00,45.00,0.0%,22.50,20.62,10.31,24.38,54.18%
Q874 (BERET (SPRING&SUMMER) : RED (DZ/20DZ)),0.00,0.00,0.0%,0.00,0.00,0.00,0.00,0.0%
Q875 (BERET (SPRING&SUMMER) : NAVY (DZ/20DZ)),0.00,0.00,0.0%,0.00,0.00,0.00,0.00,0.0%
Q876 (BERET (SPRING&SUMMER) : BROWN (DZ/20DZ)),0.00,0.00,0.0%,0.00,0.00,0.00,0.00,0.0%
Q877 (BERET (SPRING&SUMMER) : L.PINK (DZ/20DZ)),0.00,0.00,0.0%,0.00,0.00,0.00,0.00,0.0%
Q878 (BERET (SPRING&SUMMER) : YELLOW (DZ/20DZ)),0.00,0.00,0.0%,0.00,0.00,0.00,0.00,0.0%
Q879 (BERET (SPRING&SUMMER) : PURPLE (DZ/20DZ)),0.00,0.00,0.0%,0.00,0.00,0.00,0.00,0.0%
Q880 (BERET (SPRING&SUMMER) : BURGUNDY (DZ/20DZ)),0.00,0.00,0.0%,0.00,0.00,0.00,0.00,0.0%
Q881 (BERET (SPRING&SUMMER) : R.BLUE (DZ/20DZ)),0.00,0.00,0.0%,0.00,0.00,0.00,0.00,0.0%
Q882 (BERET (SPRING&SUMMER) : H.PINK (DZ/20DZ)),0.00,0.00,0.0%,0.00,0.00,0.00,0.00,0.0%
Q883 (BERET (SPRING&SUMMER) : OLIVE (DZ/20DZ)),0.00,0.00,0.0%,0.00,0.00,0.00,0.00,0.0%
Q884 (BERET (SPRING&SUMMER) : TURQUOISE (DZ/20DZ)),0.00,0.00,0.0%,0.00,0.00,0.00,0.00,0.0%
Q885 (BERET (SPRING&SUMMER) : LEMON (DZ/20DZ)),0.00,0.00,0.0%,0.00,0.00,0.00,0.00,0.0%
Q886 (BERET (SPRING&SUMMER) : KHAKI (DZ/20DZ)),0.00,0.00,0.0%,0.00,0.00,0.00,0.00,0.0%
Q887 (BERET (SPRING&SUMMER) : BEIGE (DZ/20DZ)),0.00,0.00,0.0%,0.00,0.00,0.00,0.00,0.0%
Q888 (BERET (SPRING&SUMMER) : ORANGE (DZ/20DZ)),0.00,0.00,0.0%,0.00,0.00,0.00,0.00,0.0%
Q889 (BERET (SPRING&SUMMER) : CREAM (DZ/20DZ)),0.00,0.00,0.0%,0.00,0.00,0.00,0.00,0.0%
Q890 (BERET (SPRING&SUMMER) : AFRO (DZ/20DZ)),14.00,315.00,0.0%,22.50,147.00,10.50,168.00,53.33%
Q891 (BERET (SPRING&SUMMER) : LAVENDER (DZ/20DZ)),0.00,0.00,0.0%,0.00,0.00,0.00,0.00,0.0%
Q892 (BERET (SPRING&SUMMER) : CRIMSON (DZ/20DZ)),0.00,0.00,0.0%,0.00,0.00,0.00,0.00,0.0%
Q893 (BERET (SPRING&SUMMER) : PEACH (DZ/20DZ)),0.00,0.00,0.0%,0.00,0.00,0.00,0.00,0.0%
Q894 (OGN DAY&NIGHT CAP (XL) : ASSORT (DZ/12DZ)),43.00,739.50,0.0%,17.20,253.89,5.90,485.61,65.67%
Q895 (OGN DAY&NIGHT CAP (XL) : BLACK (DZ/12DZ)),98.00,"1,684.50",0.0%,17.19,563.23,5.75,"1,121.27",66.56%
Q896 (OGN SUPER-JUMBO SLEEP CAP : ASSORT (DZ/24DZ)),36.00,564.00,0.0%,15.67,192.96,5.36,371.04,65.79%
Q897 (OGN SUPER-JUMBO SLEEP CAP : BLACK (DZ/24DZ)),149.00,"2,283.00",0.0%,15.32,801.08,5.38,"1,481.92",64.91%
Q898 (OGN SUPER-JUMBO BONNET : ASSORT (DZ/12DZ)),119.00,"1,833.00",0.0%,15.40,637.84,5.36,"1,195.16",65.2%
Q899 (OGN SUPER-JUMBO BONNET : BLACK (DZ/12DZ)),165.00,"2,565.00",0.0%,15.55,884.65,5.36,"1,680.35",65.51%
Q9000 (VELVET SLEEP CAP : ASST (DZ / 24DZ)),139.00,"3,157.50",0.0%,22.72,"1,529.00",11.00,"1,628.50",51.58%
Q9001 (VELVET SLEEP CAP : BK (DZ / 24DZ)),105.00,"2,392.50",0.0%,22.79,"1,155.00",11.00,"1,237.50",51.72%
Q9002 (VELVET LADY DURAG : ASST (DZ / 24DZ)),19.00,435.00,0.0%,22.89,188.10,9.90,246.90,56.76%
Q9003 (VELVET LADY DURAG : BK (DZ / 24DZ)),36.00,810.00,0.0%,22.50,356.40,9.90,453.60,56.0%
V3001 (BIG SHIRT(M/L) : BLACK (PC/48PCS/96PCS)),0.00,0.00,0.0%,0.00,0.00,0.00,0.00,0.0%
V3101 (LONG VEST(M/L) : BLACK (PC/48PCS/96PCS)),15.00,120.00,0.0%,8.00,56.85,3.79,63.15,52.63%
V3102 (LONG VEST(XL/2XL) : BLACK (PC/48PCS/96PCS)),3.00,30.00,0.0%,10.00,11.67,3.89,18.33,61.1%
V3122 (LONG VEST(XL/2XL) : BLUE (PC/48PCS/96PCS)),0.00,0.00,0.0%,0.00,0.00,0.00,0.00,0.0%
V3131 (LONG VEST(M/L) : PURPLE (PC/48PCS/96PCS)),0.00,0.00,0.0%,0.00,0.00,0.00,0.00,0.0%
V3200 (BARBER JACKET (S/M) : BLACK (PC/48PCS/96PCS)),130.00,"1,167.50",0.0%,8.98,490.65,3.77,676.85,57.97%
V3201 (BARBER JACKET (L) : BLACK (PC/48PCS/96PCS)),35.00,332.50,0.0%,9.50,133.14,3.80,199.36,59.96%
V3202 (BARBER JACKET (XL) : BLACK (PC/48PCS/96PCS)),102.00,897.00,0.0%,8.79,389.39,3.82,507.61,56.59%
V3203 (BARBER JACKET (2XL) : BLACK (PC/48PCS/96PCS)),68.00,598.00,0.0%,8.79,260.43,3.83,337.57,56.45%
V3204 (BARBER JACKET (3XL) : BLACK (PC/48PCS/96PCS)),2.00,24.00,0.0%,12.00,7.68,3.84,16.32,68.0%
V3205 (BARBER JACKET (4XL) : BLACK (PC/48PCS/96PCS)),14.00,132.00,0.0%,9.43,51.78,3.70,80.22,60.77%
V3210 (BARBER JACKET (S/M) : WHITE (PC/48PCS/96PCS)),13.00,117.00,0.0%,9.00,41.60,3.20,75.40,64.44%
V3211 (BARBER JACKET (L) : WHITE (PC/48PCS/96PCS)),33.00,292.00,0.0%,8.85,117.10,3.55,174.90,59.9%
V3212 (BARBER JACKET (XL) : WHITE (PC/48PCS/96PCS)),15.00,135.00,0.0%,9.00,48.08,3.21,86.92,64.39%
V3213 (BARBER JACKET (2XL) : WHITE (PC/48PCS/96PCS)),0.00,0.00,0.0%,0.00,0.00,0.00,0.00,0.0%
V3214 (BARBER JACKET (3XL) : WHITE (PC/48PCS/96PCS)),0.00,0.00,0.0%,0.00,0.00,0.00,0.00,0.0%
V3215 (BARBER JACKET (4XL) : WHITE (PC/48PCS/96PCS)),0.00,0.00,0.0%,0.00,0.00,0.00,0.00,0.0%
V3300 (MESH VEST (SMALL) : BLACK (PC/48PCS/96PCS)),19.00,149.50,0.0%,7.87,45.95,2.42,103.55,69.26%
V3301 (MESH VEST (M/L) : BLACK (PC/48PCS/96PCS)),92.00,626.00,0.0%,6.80,224.56,2.44,401.44,64.13%
V3302 (MESH VEST (XL) : BLACK (PC/48PCS/96PCS)),88.00,572.00,0.0%,6.50,219.85,2.50,352.15,61.57%
V3303 (MESH VEST (2XL) : BLACK (PC/48PCS/96PCS)),40.00,260.00,0.0%,6.50,103.24,2.58,156.76,60.29%
V3304 (MESH VEST (3XL) : BLACK (PC/48PCS/96PCS)),20.00,140.00,0.0%,7.00,52.10,2.61,87.90,62.79%
V3310 (MESH VEST (SMALL) : WHITE (PC/48PCS/96PCS)),15.00,127.50,0.0%,8.50,33.75,2.25,93.75,73.53%
V3311 (MESH VEST (M/L) : WHITE (PC/48PCS/96PCS)),0.00,0.00,0.0%,0.00,0.00,0.00,0.00,0.0%
V3312 (MESH VEST (XL) : WHITE (PC/48PCS/96PCS)),1.00,6.50,0.0%,6.50,1.28,1.28,5.22,80.31%
V3313 (MESH VEST (2XL) : WHITE (PC/48PCS/96PCS)),0.00,0.00,0.0%,0.00,0.00,0.00,0.00,0.0%
V3314 (MESH VEST (3XL) : WHITE (PC/48PCS/96PCS)),0.00,0.00,0.0%,0.00,0.00,0.00,0.00,0.0%
V3322 (MESH VEST (XL) : GRAY (PC/48PCS/96PCS)),0.00,0.00,0.0%,0.00,0.00,0.00,0.00,0.0%
V3401 (LONG APRON : BLACK (PC/96PC)),10.00,60.00,0.0%,6.00,0.00,0.00,60.00,100.0%
V3402 (LONG APRON : WHITE (PC/96PC)),8.00,48.00,0.0%,6.00,0.00,0.00,48.00,100.0%
V3403 (LONG APRON : BLUE (PC/96PC)),6.00,36.00,0.0%,6.00,0.00,0.00,36.00,100.0%
V3404 (LONG APRON : PURPLE (PC/96PC)),0.00,0.00,0.0%,0.00,0.00,0.00,0.00,0.0%
V3411 (STYLIST APRON : BLACK (PC/48 PC/96 PC)),217.00,791.00,0.0%,3.65,364.53,1.68,426.47,53.92%
V3412 (STYLIST APRON : SILVER (PC/48 PC/96 PC)),8.00,32.50,0.0%,4.06,0.00,0.00,32.50,100.0%
V3413 (STYLIST APRON : BGD (PC/48 PC/96 PC)),3.00,15.00,0.0%,5.00,3.33,1.11,11.67,77.8%
V3421 (DELUXE SALON CAPE : BLACK (PC/96PC)),42.00,315.00,0.0%,7.50,95.76,2.28,219.24,69.6%
V3423 (DELUXE SALON CAPE : PURPLE (PC/96PC)),0.00,0.00,0.0%,0.00,0.00,0.00,0.00,0.0%
V3425 (WINDOW STYLING CAPE : BK (PC/96PCS)),0.00,0.00,0.0%,0.00,0.00,0.00,0.00,0.0%
V3431 (STYLING CAPE : BLACK (PC/48PCS/96PCS)),280.00,843.00,0.0%,3.01,377.33,1.35,465.67,55.24%
V3432 (STYLING CAPE : WHITE (PC/48PCS/96PCS)),0.00,0.00,0.0%,0.00,0.00,0.00,0.00,0.0%
V3433 (STYLING CAPE : BGD (PC/48PCS/96PCS)),0.00,0.00,0.0%,0.00,0.00,0.00,0.00,0.0%
V3436 (COMB-OUT CAPE : BLACK (PC/48PCS/96PCS)),82.00,166.00,0.0%,2.02,86.10,1.05,79.90,48.13%
V3437 (COMB-OUT CAPE : WHITE (PC/48PCS/96PCS)),0.00,0.00,0.0%,0.00,0.00,0.00,0.00,0.0%
V3438 (COMB-OUT CAPE : BGD (PC/48PCS/96PCS)),0.00,0.00,0.0%,0.00,0.00,0.00,0.00,0.0%
V3441 (BARBER CAPE : BLACK (PC/48PCS/96PCS)),220.00,889.00,0.0%,4.04,355.30,1.62,533.70,60.03%
V3442 (BARBER CAPE : RED (PC/48PCS/96PCS)),72.00,291.00,0.0%,4.04,116.06,1.61,174.94,60.12%
V3443 (BARBER CAPE : LT.BLUE (PC/48PCS/96PCS)),90.00,363.00,0.0%,4.03,145.49,1.62,217.51,59.92%
V3446 (DELUXE BARBER CAPE : BLACK (PC/48PCS/96PCS)),0.00,0.00,0.0%,0.00,0.00,0.00,0.00,0.0%
V3447 (DELUXE BARBER CAPE : GRAY (PC/48PCS/96PCS)),0.00,0.00,0.0%,0.00,0.00,0.00,0.00,0.0%
V3448 (DELUXE BARBER CAPE : BROWN (PC/48PCS/96PCS)),0.00,0.00,0.0%,0.00,0.00,0.00,0.00,0.0%
V3449 (DELUXE BARBER CAPE : RED (PC/48PCS/96PCS)),0.00,0.00,0.0%,0.00,0.00,0.00,0.00,0.0%
V3450 (DELUXE BARBER CAPE : BLUE (PC/48PCS/96PCS)),0.00,0.00,0.0%,0.00,0.00,0.00,0.00,0.0%
V3451 (KID CAPE : PRINT (PC/48PCS/96PCS)),44.00,157.00,0.0%,3.57,57.20,1.30,99.80,63.57%
V3460 (SHAMPOO CAPE : ASSORT (PC/96PC)),1.00,4.00,0.0%,4.00,0.00,0.00,4.00,100.0%
V3461 (SHAMPOO CAPE : BLACK (PC/72PC)),305.00,765.50,0.0%,2.51,0.00,0.00,765.50,100.0%
V3469 (SHAMPOO CAPE (JUMBO) : BLACK (PC/72PC)),85.00,256.50,0.0%,3.02,119.00,1.40,137.50,53.61%
V3471 (VINYL COMB-OUT SHAMPOO SHORTY : BLACK (DZ/6DZ/12DZ)),0.00,0.00,0.0%,0.00,0.00,0.00,0.00,0.0%
V3500 (PILLOW COVER : ASSORT (DZ/12 DZ)),3.00,45.00,0.0%,15.00,21.39,7.13,23.61,52.47%
V3501 (PILLOW COVER : BLACK (DZ/12 DZ)),35.00,540.00,0.0%,15.43,249.55,7.13,290.45,53.79%
V3502 (PILLOW COVER : WHITE (DZ/12 DZ)),2.00,30.00,0.0%,15.00,14.23,7.12,15.77,52.57%
V3503 (PILLOW COVER : GOLD (DZ/12 DZ)),0.00,0.00,0.0%,0.00,0.00,0.00,0.00,0.0%
V3504 (PILLOW COVER : SILVER (DZ/12 DZ)),0.00,0.00,0.0%,0.00,0.00,0.00,0.00,0.0%
V3505 (PILLOW COVER : PINK (DZ/12 DZ)),0.00,0.00,0.0%,0.00,0.00,0.00,0.00,0.0%
V3506 (PILLOW COVER : BGD (DZ/12 DZ)),2.00,30.00,0.0%,15.00,14.26,7.13,15.74,52.47%
V3507 (PILLOW COVER : BROWN (DZ/12 DZ)),0.00,0.00,0.0%,0.00,0.00,0.00,0.00,0.0%
V3508 (WATERPROOF PILLOW COVER : ASST (DZ/12DZ)),6.00,144.00,0.0%,24.00,57.00,9.50,87.00,60.42%
V3509 (WATERPROOF PILLOW COVER : BK (DZ/12DZ)),7.00,168.00,0.0%,24.00,66.50,9.50,101.50,60.42%
V3521 (A-LINE JACKET (M/L) : BLACK (PC/48PCS/96PCS)),0.00,0.00,0.0%,0.00,0.00,0.00,0.00,0.0%
V3522 (A-LINE JACKET (XL/2XL) : BLACK (PC/48PCS/96PCS)),2.00,17.00,0.0%,8.50,6.32,3.16,10.68,62.82%
V3541 (A-LINE JACKET (M/L) : BLUE (PC/48PCS/96PCS)),0.00,0.00,0.0%,0.00,0.00,0.00,0.00,0.0%
V3542 (A-LINE JACKET (XL/2XL) : BLUE (PC/48PCS/96PCS)),0.00,0.00,0.0%,0.00,0.00,0.00,0.00,0.0%
V3560 (X-LINE JACKET (S) : BLACK (PC/48PCS/96PCS)),56.00,496.00,0.0%,8.86,178.68,3.19,317.32,63.98%
V3561 (X-LINE JACKET (M/L) : BLACK (PC/48PCS/96PCS)),4.00,41.50,0.0%,10.38,12.99,3.25,28.51,68.7%
V3562 (X-LINE JACKET (XL/2XL) : BLACK (PC/48PCS/96PCS)),4.00,34.00,0.0%,8.50,12.75,3.19,21.25,62.5%
V3563 (X-LINE JACKET (3XL) : BLACK (PC/48PCS/96PCS)),4.00,34.00,0.0%,8.50,11.23,2.81,22.77,66.97%
V3571 (X-LINE JACKET (L/XL) : WHITE (PC/48PCS/96PCS)),0.00,0.00,0.0%,0.00,0.00,0.00,0.00,0.0%
V3580 (X-LINE JACKET (S/M) : PURPLE (PC/48PCS/96PCS)),0.00,0.00,0.0%,0.00,0.00,0.00,0.00,0.0%
V3581 (X-LINE JACKET (L/XL) : PURPLE (PC/48PCS/96PCS)),0.00,0.00,0.0%,0.00,0.00,0.00,0.00,0.0%
V3582 (X-LINE JACKET (2XL/3XL) : PURPLE (PC/48PCS/96PCS)),0.00,0.00,0.0%,0.00,0.00,0.00,0.00,0.0%
V3590 (X-LINE JACKET (S/M) : HOT PINK (PC/48PCS/96PCS)),0.00,0.00,0.0%,0.00,0.00,0.00,0.00,0.0%
V3591 (X-LINE JACKET (L/XL) : HOT PINK (PC/48PCS/96PCS)),0.00,0.00,0.0%,0.00,0.00,0.00,0.00,0.0%
V3592 (X-LINE JACKET (2XL/3XL) : HOT PINK (PC/48PCS/96PCS)),0.00,0.00,0.0%,0.00,0.00,0.00,0.00,0.0%
V3593 (X-LINE JACKET (S/M) : BROWN (PC/48PCS/96PCS)),0.00,0.00,0.0%,0.00,0.00,0.00,0.00,0.0%
V3594 (X-LINE JACKET (L/XL) : BROWN (PC/48PCS/96PCS)),0.00,0.00,0.0%,0.00,0.00,0.00,0.00,0.0%
V3595 (X-LINE JACKET (2X/3XL) : BROWN (PC/48PCS/96PCS)),0.00,0.00,0.0%,0.00,0.00,0.00,0.00,0.0%
V3596 (X-LINE JACKET (S/M) : GRAY (PC/48PCS/96PCS)),0.00,0.00,0.0%,0.00,0.00,0.00,0.00,0.0%
V3597 (X-LINE JACKET (L/XL) : GRAY (PC/48PCS/96PCS)),15.00,165.00,0.0%,11.00,0.00,0.00,165.00,100.0%
V3598 (X-LINE JACKET (2XL/3XL) : GRAY (PC/48PCS/96PCS)),0.00,0.00,0.0%,0.00,0.00,0.00,0.00,0.0%
V3601 (COLLAR VEST (S/M) : BLACK (PC/96PC)),0.00,0.00,0.0%,0.00,0.00,0.00,0.00,0.0%
V3602 (COLLAR VEST (L/XL) : BLACK (PC/96PC)),0.00,0.00,0.0%,0.00,0.00,0.00,0.00,0.0%
V3603 (COLLAR VEST (2XL/3XL) : BLACK (PC/96PC)),0.00,0.00,0.0%,0.00,0.00,0.00,0.00,0.0%
V3631 (CHEMICAL APRON: BLACK (PC/96PC)),38.00,177.00,0.0%,4.66,61.09,1.61,115.91,65.49%
V3632 (CHEMICAL APRON : SILVER (PC/96PC)),0.00,0.00,0.0%,0.00,0.00,0.00,0.00,0.0%
V3633 (CHEMICAL APRON : BURGUNDY (PC/96PC)),0.00,0.00,0.0%,0.00,0.00,0.00,0.00,0.0%
V3641 (CHEMICAL CAPE : BLACK (PC/96PC)),1.00,4.50,0.0%,4.50,1.82,1.82,2.68,59.56%
V3642 (CHEMICAL CAPE : SILVER (PC/96PC)),0.00,0.00,0.0%,0.00,0.00,0.00,0.00,0.0%
V3643 (CHEMICAL CAPE : BURGUNDY (PC/96PC)),0.00,0.00,0.0%,0.00,0.00,0.00,0.00,0.0%
V3651 (CHEMICAL SHORTIE : BLACK (PC/96PC)),0.00,0.00,0.0%,0.00,0.00,0.00,0.00,0.0%
V3652 (CHEMICAL SHORTIE : SILVER (PC/96PC)),0.00,0.00,0.0%,0.00,0.00,0.00,0.00,0.0%
V3653 (CHEMICAL SHORTIE : BURGUNDY (PC/96PC)),0.00,0.00,0.0%,0.00,0.00,0.00,0.00,0.0%
"W1001 (MANNEQUIN CANVAS HEAD : 21""  (PC/12PCS))",31.00,310.00,0.0%,10.00,146.63,4.73,163.37,52.7%
"W1002 (MANNEQUIN CANVAS HEAD : 22""  (PC/12PCS))",98.00,980.00,0.0%,10.00,493.02,5.03,486.98,49.69%
"W1003 (MANNEQUIN CANVAS HEAD : 23""  (PC/12PCS))",32.00,320.00,0.0%,10.00,154.02,4.81,165.98,51.87%
"W1004 (MANNEQUIN CANVAS HEAD : 24""  (PC/12PCS))",18.00,180.00,0.0%,10.00,86.46,4.80,93.54,51.97%
W1010 (MANNEQUIN TABLE HOLDER (PC/48PCS)),0.00,0.00,0.0%,0.00,0.00,0.00,0.00,0.0%
W1011 (MANNEQUIN TRIPOD HOLDER (PC/12PCS)),440.00,"5,740.00",0.0%,13.05,"2,772.00",6.30,"2,968.00",51.71%
W1101 (SPRING WIG CLIP (5PCS BLISTER) (DZ/72DZ)),54.00,249.00,0.0%,4.61,108.00,2.00,141.00,56.63%
W1102 (SPRING WIG CLIP W/ LACE (3PCS BLISTER) (DZ/72DZ)),215.00,985.50,0.0%,4.58,430.00,2.00,555.50,56.37%
W1103 (SPRING WIG CLIP (20PCS BLISTER) (DZ/24DZ)),4.00,66.00,0.0%,16.50,20.48,5.12,45.52,68.97%
W1104 (SPRING WIG CLIP W/ LACE (12PCS BLISTER) (DZ/24DZ)),49.00,660.50,0.0%,13.48,297.84,6.08,362.66,54.91%
W1105 (SPRING WIG CLIP (150PCS BLISTER) (PK/48PK)),0.00,0.00,0.0%,0.00,0.00,0.00,0.00,0.0%
W1106 (SPRING WIG CLIP W/ LACE (90PCS BLISTER) (PK/48PK)),0.00,0.00,0.0%,0.00,0.00,0.00,0.00,0.0%
W1107 (SPRING WIG CLIP W/ LACE (36PCS BLISTER) (DZ/24DZ)),0.00,0.00,0.0%,0.00,0.00,0.00,0.00,0.0%
W1111 (ANCHOR WIG CLIP (2PC) : SMALL (DZ/72DZ)),16.00,78.00,0.0%,4.88,30.29,1.89,47.71,61.17%
W1112 (ANCHOR WIG CLIP (2PC) : LARGE (DZ/72DZ)),16.00,78.00,0.0%,4.88,33.60,2.10,44.40,56.92%
W1113 (ANCHOR WIG CLIP (12PC) : SMALL (DZ/24DZ)),10.00,264.00,0.0%,26.40,90.31,9.03,173.69,65.79%
W1114 (ANCHOR WIG CLIP (12PC) : LARGE (DZ/24DZ)),22.00,552.00,0.0%,25.09,223.77,10.17,328.23,59.46%
W1119 (CROCHET NEEDLE MIXED SIZE 30PCS BULK (PK/ 24PK)),101.00,915.00,0.0%,9.06,486.82,4.82,428.18,46.8%
W1120 (CROCHET NEEDLE #1 24PCS BULK (PK/ 36PK)),0.00,0.00,0.0%,0.00,0.00,0.00,0.00,0.0%
W1121 (CROCHET NEEDLE SIZE #3 (DZ/48DZ)),165.00,748.50,0.0%,4.54,461.37,2.80,287.13,38.36%
W1122 (CROCHET NEEDLE SIZE #7 (DZ/48DZ)),34.00,159.00,0.0%,4.68,0.00,0.00,159.00,100.0%
W1123 (CROCHET NEEDLE SIZE #14 (DZ/48DZ)),16.00,78.00,0.0%,4.88,0.00,0.00,78.00,100.0%
W1124 (CROCHET NEEDLE SIZE #16 (DZ/48DZ)),25.00,117.00,0.0%,4.68,0.00,0.00,117.00,100.0%
W1125 (CROCHET NEEDLE #3 24PCS BULK (PK/ 36PK)),1.00,6.50,0.0%,6.50,0.00,0.00,6.50,100.0%
W1126 (CROCHET NEEDLE #7 24PCS BULK (PK/ 36PK)),0.00,0.00,0.0%,0.00,0.00,0.00,0.00,0.0%
W1130 (CROCHET NEEDLE SIZE #1 (DZ/48DZ)),34.00,159.00,0.0%,4.68,42.21,1.24,116.79,73.45%
W1131 (E-Z LOCS TOOL : SLV (DZ/36DZ)),5.00,90.00,0.0%,18.00,30.00,6.00,60.00,66.67%
W1135 (DREADLOCKS CROCHET TOOL : 0.5MM (DZ/36DZ)),283.00,"2,444.00",0.0%,8.64,990.50,3.50,"1,453.50",59.47%
W1136 (DREADLOCKS CROCHET TOOL : 1.0MM (DZ/36DZ)),284.00,"2,452.50",0.0%,8.64,994.00,3.50,"1,458.50",59.47%
"W1137 (DREADLOCKS CROCHET TOOL : 0.75MM, TRIPLE (DZ/36DZ))",485.00,"6,610.50",0.0%,13.63,"2,425.00",5.00,"4,185.50",63.32%
"W1139 (VENTILATING NEEDLE : SLV, 1-2, 45° (DZ/24DZ))",48.00,685.50,0.0%,14.28,336.00,7.00,349.50,50.99%
"W1140 (VENTILATING NEEDLE : GOLD, 3-4, 90° (DZ/24DZ))",51.00,735.00,0.0%,14.41,357.00,7.00,378.00,51.43%
"W1198 (WIG CLIP BLISTER (2PC) : JUMBO, BRW (DZ/72DZ))",4.00,24.00,0.0%,6.00,8.40,2.10,15.60,65.0%
"W1199 (WIG CLIP BLISTER (2PC) : JUMBO, BLD (DZ/72DZ))",4.00,24.00,0.0%,6.00,8.40,2.10,15.60,65.0%
"W1200 (WIG CLIP BLISTER (2PC) : JUMBO, BLK (DZ/72DZ))",16.00,78.00,0.0%,4.88,33.60,2.10,44.40,56.92%
"W1201 (WIG CLIP BLISTER (2PC) : SM, BLK (DZ/72DZ))",4.00,20.00,0.0%,5.00,6.40,1.60,13.60,68.0%
"W1202 (WIG CLIP BLISTER (2PC) : MD, BLK (DZ/72DZ))",8.00,36.00,0.0%,4.50,13.76,1.72,22.24,61.78%
"W1203 (WIG CLIP BLISTER (2PC) : LG, BLK (DZ/72DZ))",7.00,32.00,0.0%,4.57,11.40,1.63,20.60,64.38%
"W1204 (WIG CLIP BLISTER (2PC) : SM, BRW (DZ/72DZ))",4.00,20.00,0.0%,5.00,3.44,0.86,16.56,82.8%
"W1205 (WIG CLIP BLISTER (2PC) : MD, BRW (DZ/72DZ))",4.00,20.00,0.0%,5.00,2.52,0.63,17.48,87.4%
"W1206 (WIG CLIP BLISTER (2PC) : LG, BRW (DZ/72DZ))",4.00,20.00,0.0%,5.00,2.48,0.62,17.52,87.6%
"W1207 (WIG CLIP BLISTER (2PC) : SM, BLD (DZ/72DZ))",4.00,20.00,0.0%,5.00,2.20,0.55,17.80,89.0%
"W1208 (WIG CLIP BLISTER (2PC) : MD, BLD (DZ/72DZ))",4.00,20.00,0.0%,5.00,2.20,0.55,17.80,89.0%
"W1209 (WIG CLIP BLISTER (2PC) : LG, BLD (DZ/72DZ))",4.00,20.00,0.0%,5.00,8.00,2.00,12.00,60.0%
"W1211 (WIG CLIP POLY (2PC/3DZ) : SM, BLK (PK/50DP))",0.00,0.00,0.0%,0.00,0.00,0.00,0.00,0.0%
"W1212 (WIG CLIP POLY (2PC/3DZ) : MD, BLK (PK/50DP))",0.00,0.00,0.0%,0.00,0.00,0.00,0.00,0.0%
"W1213 (WIG CLIP POLY (2PC/3DZ) : LG, BLK (PK/50DP))",0.00,0.00,0.0%,0.00,0.00,0.00,0.00,0.0%
"W1216 (WIG CLIP BLISTER (12PCS) : SMALL, BLK (DZ/36DZ))",4.00,96.00,0.0%,24.00,27.60,6.90,68.40,71.25%
"W1217 (WIG CLIP BLISTER (12PCS) : MEDIUM, BLK (DZ/36DZ))",4.00,96.00,0.0%,24.00,33.60,8.40,62.40,65.0%
"W1218 (WIG CLIP BLISTER (12PCS) : LARGE, BLK (DZ/36DZ))",4.00,96.00,0.0%,24.00,37.20,9.30,58.80,61.25%
"W1219 (WIG CLIP BLISTER (12PCS) : JUMBO, BLK (DZ/36DZ))",4.00,108.00,0.0%,27.00,40.00,10.00,68.00,62.96%
"W1221 (WIG CLIP POLY (100PC/PK) : SM, BLK (PK/72PK))",0.00,0.00,0.0%,0.00,0.00,0.00,0.00,0.0%
"W1222 (WIG CLIP POLY (100PC/PK) : MD, BLK (PK/72PK))",0.00,0.00,0.0%,0.00,0.00,0.00,0.00,0.0%
"W1223 (WIG CLIP POLY (100PC/PK) : LG, BLK (PK/72PK))",3.00,30.00,0.0%,10.00,0.00,0.00,30.00,100.0%
"W1224 (WIG CLIP POLY (100PC/PK) : SM, BRW (PK/72PK))",0.00,0.00,0.0%,0.00,0.00,0.00,0.00,0.0%
"W1225 (WIG CLIP POLY (100PC/PK) : MD, BRW (PK/72PK))",0.00,0.00,0.0%,0.00,0.00,0.00,0.00,0.0%
"W1226 (WIG CLIP POLY (100PC/PK) : LG, BRW (PK/72PK))",0.00,0.00,0.0%,0.00,0.00,0.00,0.00,0.0%
"W1227 (WIG CLIP POLY (100PC/PK) : SM, BLD (PK/72PK))",0.00,0.00,0.0%,0.00,0.00,0.00,0.00,0.0%
"W1228 (WIG CLIP POLY (100PC/PK) : MD, BLD (PK/72PK))",0.00,0.00,0.0%,0.00,0.00,0.00,0.00,0.0%
"W1229 (WIG CLIP POLY (100PC/PK) : LG, BLD (PK/72PK))",0.00,0.00,0.0%,0.00,0.00,0.00,0.00,0.0%
"W1241 (WEAVING THREAD : 60Y, BLK (DZ/100DZ))",329.00,498.00,0.0%,1.51,166.59,0.51,331.41,66.55%
"W1242 (WEAVING THREAD : 160Y, BLK (DZ/100DZ))",511.00,"1,544.00",0.0%,3.02,780.36,1.53,763.64,49.46%
"W1243 (WEAVING THREAD : 60Y, BRW (DZ/100DZ))",1.00,2.00,0.0%,2.00,0.55,0.55,1.45,72.5%
"W1244 (WEAVING THREAD : 160Y, BRW (DZ/100DZ))",0.00,0.00,0.0%,0.00,0.00,0.00,0.00,0.0%
"W1245 (WEAVING THREAD : 60Y, BLD (DZ/100DZ))",23.00,35.50,0.0%,1.54,12.65,0.55,22.85,64.37%
"W1246 (WEAVING THREAD : 160Y, BLD (DZ/100DZ))",0.00,0.00,0.0%,0.00,0.00,0.00,0.00,0.0%
"W1247 (WEAVING THREAD : 60Y, BGD (DZ/100DZ))",0.00,0.00,0.0%,0.00,0.00,0.00,0.00,0.0%
"W1251 (WEAVING THREAD & NEEDLE : A, BLK (DZ/36DZ))",24.00,105.00,0.0%,4.38,46.56,1.94,58.44,55.66%
"W1252 (WEAVING THREAD & NEEDLE : B, BLK (DZ/24DZ))",0.00,0.00,0.0%,0.00,0.00,0.00,0.00,0.0%
"W1253 (WEAVING THREAD & NEEDLE : A, BRW (DZ/36DZ))",0.00,0.00,0.0%,0.00,0.00,0.00,0.00,0.0%
"W1254 (WEAVING THREAD & NEEDLE : B, BRW (DZ/24DZ))",0.00,0.00,0.0%,0.00,0.00,0.00,0.00,0.0%
"W1255 (WEAVING THREAD & NEEDLE : A, BLD (DZ/36DZ))",0.00,0.00,0.0%,0.00,0.00,0.00,0.00,0.0%
"W1256 (WEAVING THREAD & NEEDLE : B, BLD (DZ/24DZ))",0.00,0.00,0.0%,0.00,0.00,0.00,0.00,0.0%
"W1257 (WEAVING THREAD & NEEDLE : A, SLV (DZ/36DZ))",0.00,0.00,0.0%,0.00,0.00,0.00,0.00,0.0%
"W1258 (WEAVING THREAD & NEEDLE : B, SLV (DZ/24DZ))",0.00,0.00,0.0%,0.00,0.00,0.00,0.00,0.0%
W1260 (WEAVING NEEDLE BIG C TYPE (12PCS) : SLV (DZ/60DZ)),27.00,423.00,0.0%,15.67,69.33,2.57,353.67,83.61%
W1261 (WEAVING NEEDLE  I  TYPE (12PCS) : SLV (DZ/60DZ)),5.00,39.00,0.0%,7.80,0.00,0.00,39.00,100.0%
W1262 (WEAVING NEEDLE  J  TYPE (12PCS) : SLV (DZ/60DZ)),5.00,39.00,0.0%,7.80,0.00,0.00,39.00,100.0%
W1263 (WEAVING NEEDLE C  TYPE (12PCS) : SLV (DZ/60DZ)),0.00,0.00,0.0%,0.00,0.00,0.00,0.00,0.0%
"W1264 (T-PIN : 1 1/2"" (DZ/54DZ))",72.00,288.90,0.0%,4.01,172.80,2.40,116.10,40.19%
"W1265 (CROCHET NEEDLE #1, 12PCS BULK (PK/48PK))",0.00,0.00,0.0%,0.00,0.00,0.00,0.00,0.0%
W1271 (WIG STAND : ASSORT (DZ/6DZ)),6.00,90.00,0.0%,15.00,37.64,6.27,52.36,58.18%
"W1272 (WIG COMB , DETANGLER : ASST.(DZ/24DZ))",0.00,0.00,0.0%,0.00,0.00,0.00,0.00,0.0%
W1274 (WEAVING THREAD 500Y : BLACK (DZ/16DZ)),-10.00,-72.50,0.0%,7.25,-64.00,6.40,-8.50,11.72%
W1275 (WEAVING THREAD 1000Y : BLACK (PC/9DZ)),6.00,12.00,0.0%,2.00,5.40,0.90,6.60,55.0%
W1276 (WEAVING THREAD 2000Y : BLACK (PC/6DZ)),684.00,"1,543.50",0.0%,2.26,957.60,1.40,585.90,37.96%
"W1277 (WEAVING THREAD 60Y, NYLON : BK (DZ/48DZ))",36.00,90.00,0.0%,2.50,0.00,0.00,90.00,100.0%
"W1278 (WEAVING THREAD 150Y, NYLON : BK(DZ/24DZ))",1.00,12.00,0.0%,12.00,3.20,3.20,8.80,73.33%
"W1279 (WEAVING THREAD 400Y, NYLON : BK (DZ/12DZ))",0.00,0.00,0.0%,0.00,0.00,0.00,0.00,0.0%
"W1280 (WEAVING THREAD 1000Y, NYLON : BK (PC/9DZ))",0.00,0.00,0.0%,0.00,0.00,0.00,0.00,0.0%
"W1281 (WIG CLIP BLISTER (24PC) : SM, BLK (PK/144PK))",1.00,2.50,0.0%,2.50,0.00,0.00,2.50,100.0%
"W1282 (WIG CLIP BLISTER (24PC) : MD, BLK (PK/144PK))",0.00,0.00,0.0%,0.00,0.00,0.00,0.00,0.0%
"W1283 (WIG CLIP BLISTER (24PC) : LG, BLK (PK/144PK))",0.00,0.00,0.0%,0.00,0.00,0.00,0.00,0.0%
"W1284 (WIG CLIP BLISTER (24PC) : SM, BRW (PK/144PK))",0.00,0.00,0.0%,0.00,0.00,0.00,0.00,0.0%
"W1285 (WIG CLIP BLISTER (24PC) : MD, BRW (PK/144PK))",0.00,0.00,0.0%,0.00,0.00,0.00,0.00,0.0%
"W1286 (WIG CLIP BLISTER (24PC) : LG, BRW (PK/144PK))",0.00,0.00,0.0%,0.00,0.00,0.00,0.00,0.0%
"W1287 (WIG CLIP BLISTER (24PC) : SM, BLD (PK/144PK))",0.00,0.00,0.0%,0.00,0.00,0.00,0.00,0.0%
"W1288 (WIG CLIP BLISTER (24PC) : MD, BLD (PK/144PK))",0.00,0.00,0.0%,0.00,0.00,0.00,0.00,0.0%
"W1289 (WIG CLIP BLISTER (24PC) : LG, BLD (PK/144PK))",0.00,0.00,0.0%,0.00,0.00,0.00,0.00,0.0%
"W1291 (WIG CLIP BLISTER (60PC) : SM, BLK (PK/72PK))",0.00,0.00,0.0%,0.00,0.00,0.00,0.00,0.0%
"W1292 (WIG CLIP BLISTER (60PC) : MD, BLK (PK/72PK))",0.00,0.00,0.0%,0.00,0.00,0.00,0.00,0.0%
"W1293 (WIG CLIP BLISTER (60PC) : LG, BLK (PK/72PK))",0.00,0.00,0.0%,0.00,0.00,0.00,0.00,0.0%
"W1294 (WIG CLIP BLISTER (60PC) : SM, BRW (PK/72PK))",0.00,0.00,0.0%,0.00,0.00,0.00,0.00,0.0%
"W1295 (WIG CLIP BLISTER (60PC) : MD, BRW (PK/72PK))",0.00,0.00,0.0%,0.00,0.00,0.00,0.00,0.0%
"W1296 (WIG CLIP BLISTER (60PC) : LG, BRW (PK/72PK))",0.00,0.00,0.0%,0.00,0.00,0.00,0.00,0.0%
"W1297 (WIG CLIP BLISTER (60PC) : SM, BLD (PK/72PK))",0.00,0.00,0.0%,0.00,0.00,0.00,0.00,0.0%
"W1298 (WIG CLIP BLISTER (60PC) : MD, BLD (PK/72PK))",0.00,0.00,0.0%,0.00,0.00,0.00,0.00,0.0%
"W1299 (WIG CLIP BLISTER (60PC) : LG, BLD (PK/72PK))",0.00,0.00,0.0%,0.00,0.00,0.00,0.00,0.0%
W784 (SOFT TAG CLEAR ROUND : 1000 PCS (ROLL/20 ROLL)),140.00,"2,450.00",0.0%,17.50,"1,371.89",9.80,"1,078.11",44.0%
W785 (SOFT TAG CLEAR RECTANGLE 19X65 (ROLL/20 ROLL)),0.00,0.00,0.0%,0.00,0.00,0.00,0.00,0.0%
W789 (HARD TAG LANYARD (110MM 100PC) (PACK/10 PACKS)),0.00,0.00,0.0%,0.00,0.00,0.00,0.00,0.0%
W790 (HARD TAG (48X42 100PC) : BLACK (PACK/10 PACKS)),0.00,0.00,0.0%,0.00,0.00,0.00,0.00,0.0%
W792 (PIN : 19MM (1000 PCS) (PACK/10 PACK)),0.00,0.00,0.0%,0.00,0.00,0.00,0.00,0.0%
W793 (PIN : 27MM (1000 PCS) (PACK/10 PACK)),0.00,0.00,0.0%,0.00,0.00,0.00,0.00,0.0%
W794 (PIN : 40MM (1000 PCS) (PACK/10 PACK)),0.00,0.00,0.0%,0.00,0.00,0.00,0.00,0.0%
